,0
0,bj430017
1,bj430047
2,bj430090
3,bj430139
4,bj430198
5,bj430300
6,bj430418
7,bj430425
8,bj430476
9,bj430478
10,bj430489
11,bj430510
12,bj430556
13,bj430564
14,bj430685
15,bj430718
16,bj830779
17,bj830799
18,bj830809
19,bj830832
20,bj830839
21,bj830879
22,bj830896
23,bj830946
24,bj830964
25,bj830974
26,bj831010
27,bj831039
28,bj831087
29,bj831152
30,bj831167
31,bj831175
32,bj831195
33,bj831278
34,bj831304
35,bj831305
36,bj831370
37,bj831396
38,bj831445
39,bj831526
40,bj831627
41,bj831641
42,bj831689
43,bj831726
44,bj831768
45,bj831832
46,bj831834
47,bj831855
48,bj831856
49,bj831906
50,bj831961
51,bj832000
52,bj832023
53,bj832089
54,bj832110
55,bj832145
56,bj832149
57,bj832171
58,bj832175
59,bj832225
60,bj832278
61,bj832419
62,bj832469
63,bj832471
64,bj832491
65,bj832522
66,bj832566
67,bj832651
68,bj832662
69,bj832735
70,bj832786
71,bj832802
72,bj832876
73,bj832885
74,bj832978
75,bj832982
76,bj833030
77,bj833075
78,bj833171
79,bj833230
80,bj833266
81,bj833284
82,bj833346
83,bj833394
84,bj833427
85,bj833429
86,bj833454
87,bj833455
88,bj833509
89,bj833523
90,bj833533
91,bj833575
92,bj833580
93,bj833751
94,bj833781
95,bj833819
96,bj833873
97,bj833914
98,bj833943
99,bj834014
100,bj834021
101,bj834033
102,bj834058
103,bj834062
104,bj834261
105,bj834407
106,bj834415
107,bj834475
108,bj834599
109,bj834639
110,bj834682
111,bj834765
112,bj834770
113,bj834950
114,bj835174
115,bj835179
116,bj835184
117,bj835185
118,bj835207
119,bj835237
120,bj835305
121,bj835368
122,bj835438
123,bj835508
124,bj835579
125,bj835640
126,bj835670
127,bj835857
128,bj835892
129,bj835985
130,bj836077
131,bj836149
132,bj836208
133,bj836221
134,bj836239
135,bj836247
136,bj836260
137,bj836263
138,bj836270
139,bj836395
140,bj836414
141,bj836419
142,bj836422
143,bj836433
144,bj836504
145,bj836547
146,bj836675
147,bj836699
148,bj836717
149,bj836720
150,bj836807
151,bj836826
152,bj836871
153,bj836892
154,bj836942
155,bj836957
156,bj836961
157,bj837006
158,bj837023
159,bj837046
160,bj837092
161,bj837174
162,bj837212
163,bj837242
164,bj837344
165,bj837403
166,bj837592
167,bj837663
168,bj837748
169,bj837821
170,bj838030
171,bj838163
172,bj838171
173,bj838227
174,bj838262
175,bj838275
176,bj838402
177,bj838670
178,bj838701
179,bj838810
180,bj838837
181,bj838924
182,bj838971
183,bj839167
184,bj839273
185,bj839371
186,bj839493
187,bj839680
188,bj839719
189,bj839725
190,bj839729
191,bj839790
192,bj839792
193,bj839946
194,bj870199
195,bj870204
196,bj870299
197,bj870357
198,bj870436
199,bj870508
200,bj870656
201,bj870726
202,bj870866
203,bj870976
204,bj871245
205,bj871263
206,bj871396
207,bj871478
208,bj871553
209,bj871634
210,bj871642
211,bj871694
212,bj871753
213,bj871857
214,bj871970
215,bj871981
216,bj872190
217,bj872351
218,bj872374
219,bj872392
220,bj872541
221,bj872808
222,bj872895
223,bj872925
224,bj872931
225,bj872953
226,bj873001
227,bj873122
228,bj873132
229,bj873152
230,bj873167
231,bj873169
232,bj873223
233,bj873305
234,bj873339
235,bj873527
236,bj873570
237,bj873576
238,bj873593
239,bj873665
240,bj873679
241,bj873690
242,bj873693
243,bj873703
244,bj873706
245,bj873726
246,bj873806
247,bj873833
248,bj920002
249,bj920008
250,bj920016
251,bj920019
252,bj920060
253,bj920066
254,bj920088
255,bj920098
256,bj920099
257,bj920111
258,bj920118
259,bj920128
260,sh600000
261,sh600004
262,sh600006
263,sh600007
264,sh600008
265,sh600009
266,sh600010
267,sh600011
268,sh600012
269,sh600015
270,sh600016
271,sh600017
272,sh600018
273,sh600019
274,sh600020
275,sh600021
276,sh600022
277,sh600023
278,sh600025
279,sh600026
280,sh600027
281,sh600028
282,sh600029
283,sh600030
284,sh600031
285,sh600032
286,sh600033
287,sh600035
288,sh600036
289,sh600037
290,sh600038
291,sh600039
292,sh600048
293,sh600050
294,sh600051
295,sh600052
296,sh600053
297,sh600054
298,sh600055
299,sh600056
300,sh600057
301,sh600058
302,sh600059
303,sh600060
304,sh600061
305,sh600062
306,sh600063
307,sh600064
308,sh600066
309,sh600067
310,sh600070
311,sh600071
312,sh600072
313,sh600073
314,sh600075
315,sh600076
316,sh600078
317,sh600079
318,sh600080
319,sh600081
320,sh600082
321,sh600083
322,sh600084
323,sh600085
324,sh600088
325,sh600089
326,sh600094
327,sh600095
328,sh600096
329,sh600097
330,sh600098
331,sh600099
332,sh600100
333,sh600101
334,sh600103
335,sh600104
336,sh600105
337,sh600106
338,sh600107
339,sh600108
340,sh600109
341,sh600110
342,sh600111
343,sh600113
344,sh600114
345,sh600115
346,sh600116
347,sh600117
348,sh600118
349,sh600119
350,sh600120
351,sh600121
352,sh600123
353,sh600125
354,sh600126
355,sh600127
356,sh600128
357,sh600129
358,sh600130
359,sh600131
360,sh600132
361,sh600133
362,sh600135
363,sh600136
364,sh600137
365,sh600138
366,sh600141
367,sh600143
368,sh600148
369,sh600149
370,sh600150
371,sh600151
372,sh600152
373,sh600153
374,sh600155
375,sh600156
376,sh600157
377,sh600158
378,sh600159
379,sh600160
380,sh600161
381,sh600162
382,sh600163
383,sh600165
384,sh600166
385,sh600167
386,sh600168
387,sh600169
388,sh600170
389,sh600171
390,sh600172
391,sh600173
392,sh600176
393,sh600177
394,sh600178
395,sh600179
396,sh600180
397,sh600182
398,sh600183
399,sh600184
400,sh600185
401,sh600186
402,sh600187
403,sh600188
404,sh600189
405,sh600190
406,sh600191
407,sh600192
408,sh600193
409,sh600195
410,sh600196
411,sh600197
412,sh600198
413,sh600199
414,sh600200
415,sh600201
416,sh600202
417,sh600203
418,sh600206
419,sh600207
420,sh600208
421,sh600210
422,sh600211
423,sh600212
424,sh600215
425,sh600216
426,sh600217
427,sh600218
428,sh600219
429,sh600221
430,sh600222
431,sh600223
432,sh600225
433,sh600226
434,sh600227
435,sh600228
436,sh600229
437,sh600230
438,sh600231
439,sh600232
440,sh600233
441,sh600234
442,sh600235
443,sh600236
444,sh600237
445,sh600238
446,sh600239
447,sh600241
448,sh600243
449,sh600246
450,sh600248
451,sh600249
452,sh600250
453,sh600251
454,sh600252
455,sh600255
456,sh600256
457,sh600257
458,sh600258
459,sh600259
460,sh600261
461,sh600262
462,sh600265
463,sh600266
464,sh600267
465,sh600268
466,sh600269
467,sh600271
468,sh600272
469,sh600273
470,sh600276
471,sh600278
472,sh600279
473,sh600280
474,sh600281
475,sh600282
476,sh600283
477,sh600284
478,sh600285
479,sh600287
480,sh600288
481,sh600289
482,sh600292
483,sh600293
484,sh600295
485,sh600298
486,sh600299
487,sh600300
488,sh600301
489,sh600302
490,sh600303
491,sh600305
492,sh600307
493,sh600308
494,sh600309
495,sh600310
496,sh600312
497,sh600313
498,sh600315
499,sh600316
500,sh600318
501,sh600319
502,sh600320
503,sh600322
504,sh600323
505,sh600325
506,sh600326
507,sh600327
508,sh600328
509,sh600329
510,sh600330
511,sh600331
512,sh600332
513,sh600333
514,sh600335
515,sh600336
516,sh600337
517,sh600338
518,sh600339
519,sh600340
520,sh600343
521,sh600345
522,sh600346
523,sh600348
524,sh600350
525,sh600351
526,sh600352
527,sh600353
528,sh600354
529,sh600355
530,sh600356
531,sh600358
532,sh600359
533,sh600360
534,sh600361
535,sh600362
536,sh600363
537,sh600365
538,sh600366
539,sh600367
540,sh600368
541,sh600369
542,sh600370
543,sh600371
544,sh600372
545,sh600373
546,sh600375
547,sh600376
548,sh600377
549,sh600378
550,sh600379
551,sh600380
552,sh600381
553,sh600382
554,sh600383
555,sh600386
556,sh600387
557,sh600388
558,sh600389
559,sh600390
560,sh600391
561,sh600392
562,sh600395
563,sh600396
564,sh600397
565,sh600398
566,sh600399
567,sh600400
568,sh600403
569,sh600405
570,sh600406
571,sh600408
572,sh600409
573,sh600410
574,sh600415
575,sh600416
576,sh600418
577,sh600419
578,sh600420
579,sh600421
580,sh600422
581,sh600423
582,sh600425
583,sh600426
584,sh600428
585,sh600429
586,sh600433
587,sh600435
588,sh600436
589,sh600438
590,sh600439
591,sh600444
592,sh600446
593,sh600448
594,sh600449
595,sh600452
596,sh600455
597,sh600456
598,sh600458
599,sh600459
600,sh600460
601,sh600461
602,sh600462
603,sh600463
604,sh600467
605,sh600468
606,sh600469
607,sh600470
608,sh600475
609,sh600476
610,sh600477
611,sh600478
612,sh600479
613,sh600480
614,sh600481
615,sh600482
616,sh600483
617,sh600486
618,sh600487
619,sh600488
620,sh600489
621,sh600490
622,sh600491
623,sh600493
624,sh600495
625,sh600496
626,sh600497
627,sh600498
628,sh600499
629,sh600500
630,sh600501
631,sh600502
632,sh600503
633,sh600505
634,sh600506
635,sh600507
636,sh600508
637,sh600509
638,sh600510
639,sh600511
640,sh600512
641,sh600513
642,sh600515
643,sh600516
644,sh600517
645,sh600518
646,sh600519
647,sh600520
648,sh600521
649,sh600522
650,sh600523
651,sh600525
652,sh600526
653,sh600527
654,sh600528
655,sh600529
656,sh600530
657,sh600531
658,sh600533
659,sh600535
660,sh600536
661,sh600537
662,sh600538
663,sh600539
664,sh600540
665,sh600543
666,sh600545
667,sh600546
668,sh600547
669,sh600548
670,sh600549
671,sh600550
672,sh600551
673,sh600552
674,sh600556
675,sh600557
676,sh600558
677,sh600559
678,sh600560
679,sh600561
680,sh600562
681,sh600563
682,sh600566
683,sh600567
684,sh600568
685,sh600569
686,sh600570
687,sh600571
688,sh600572
689,sh600573
690,sh600575
691,sh600576
692,sh600577
693,sh600578
694,sh600579
695,sh600580
696,sh600581
697,sh600582
698,sh600583
699,sh600584
700,sh600585
701,sh600586
702,sh600587
703,sh600588
704,sh600589
705,sh600590
706,sh600592
707,sh600593
708,sh600594
709,sh600595
710,sh600596
711,sh600597
712,sh600598
713,sh600599
714,sh600600
715,sh600601
716,sh600602
717,sh600603
718,sh600604
719,sh600605
720,sh600606
721,sh600608
722,sh600609
723,sh600610
724,sh600611
725,sh600612
726,sh600613
727,sh600615
728,sh600616
729,sh600617
730,sh600618
731,sh600619
732,sh600620
733,sh600621
734,sh600622
735,sh600623
736,sh600624
737,sh600626
738,sh600628
739,sh600629
740,sh600630
741,sh600633
742,sh600635
743,sh600636
744,sh600637
745,sh600638
746,sh600639
747,sh600640
748,sh600641
749,sh600642
750,sh600643
751,sh600644
752,sh600645
753,sh600648
754,sh600649
755,sh600650
756,sh600651
757,sh600653
758,sh600654
759,sh600655
760,sh600657
761,sh600658
762,sh600660
763,sh600661
764,sh600662
765,sh600663
766,sh600664
767,sh600665
768,sh600666
769,sh600667
770,sh600668
771,sh600671
772,sh600673
773,sh600674
774,sh600675
775,sh600676
776,sh600678
777,sh600679
778,sh600681
779,sh600682
780,sh600683
781,sh600684
782,sh600685
783,sh600686
784,sh600688
785,sh600689
786,sh600690
787,sh600691
788,sh600692
789,sh600693
790,sh600694
791,sh600696
792,sh600697
793,sh600698
794,sh600699
795,sh600702
796,sh600703
797,sh600704
798,sh600705
799,sh600706
800,sh600707
801,sh600708
802,sh600710
803,sh600711
804,sh600712
805,sh600713
806,sh600714
807,sh600715
808,sh600716
809,sh600717
810,sh600718
811,sh600719
812,sh600720
813,sh600721
814,sh600722
815,sh600724
816,sh600725
817,sh600726
818,sh600727
819,sh600728
820,sh600729
821,sh600730
822,sh600731
823,sh600732
824,sh600733
825,sh600734
826,sh600735
827,sh600736
828,sh600737
829,sh600738
830,sh600739
831,sh600740
832,sh600741
833,sh600742
834,sh600743
835,sh600744
836,sh600745
837,sh600746
838,sh600748
839,sh600749
840,sh600750
841,sh600751
842,sh600753
843,sh600754
844,sh600755
845,sh600756
846,sh600757
847,sh600758
848,sh600759
849,sh600760
850,sh600761
851,sh600763
852,sh600764
853,sh600765
854,sh600768
855,sh600769
856,sh600770
857,sh600771
858,sh600773
859,sh600774
860,sh600775
861,sh600776
862,sh600777
863,sh600778
864,sh600779
865,sh600780
866,sh600782
867,sh600783
868,sh600784
869,sh600785
870,sh600787
871,sh600789
872,sh600790
873,sh600791
874,sh600792
875,sh600793
876,sh600794
877,sh600795
878,sh600796
879,sh600797
880,sh600798
881,sh600800
882,sh600801
883,sh600802
884,sh600803
885,sh600804
886,sh600805
887,sh600807
888,sh600808
889,sh600809
890,sh600810
891,sh600811
892,sh600812
893,sh600814
894,sh600815
895,sh600816
896,sh600817
897,sh600818
898,sh600819
899,sh600820
900,sh600821
901,sh600822
902,sh600824
903,sh600825
904,sh600826
905,sh600827
906,sh600828
907,sh600829
908,sh600830
909,sh600831
910,sh600833
911,sh600834
912,sh600835
913,sh600837
914,sh600838
915,sh600839
916,sh600841
917,sh600843
918,sh600844
919,sh600845
920,sh600846
921,sh600847
922,sh600848
923,sh600850
924,sh600851
925,sh600853
926,sh600854
927,sh600855
928,sh600857
929,sh600858
930,sh600859
931,sh600860
932,sh600861
933,sh600862
934,sh600863
935,sh600864
936,sh600865
937,sh600866
938,sh600867
939,sh600868
940,sh600869
941,sh600871
942,sh600872
943,sh600873
944,sh600874
945,sh600875
946,sh600876
947,sh600877
948,sh600879
949,sh600880
950,sh600881
951,sh600882
952,sh600883
953,sh600884
954,sh600885
955,sh600886
956,sh600887
957,sh600888
958,sh600889
959,sh600892
960,sh600893
961,sh600894
962,sh600895
963,sh600897
964,sh600898
965,sh600900
966,sh600901
967,sh600903
968,sh600905
969,sh600906
970,sh600908
971,sh600909
972,sh600916
973,sh600917
974,sh600918
975,sh600919
976,sh600925
977,sh600926
978,sh600927
979,sh600928
980,sh600929
981,sh600933
982,sh600935
983,sh600936
984,sh600938
985,sh600939
986,sh600941
987,sh600955
988,sh600956
989,sh600958
990,sh600959
991,sh600960
992,sh600961
993,sh600962
994,sh600963
995,sh600965
996,sh600966
997,sh600967
998,sh600968
999,sh600969
1000,sh600970
1001,sh600971
1002,sh600973
1003,sh600975
1004,sh600976
1005,sh600977
1006,sh600979
1007,sh600980
1008,sh600981
1009,sh600982
1010,sh600983
1011,sh600984
1012,sh600985
1013,sh600986
1014,sh600987
1015,sh600988
1016,sh600989
1017,sh600990
1018,sh600992
1019,sh600993
1020,sh600995
1021,sh600996
1022,sh600997
1023,sh600998
1024,sh600999
1025,sh601000
1026,sh601001
1027,sh601002
1028,sh601003
1029,sh601005
1030,sh601006
1031,sh601007
1032,sh601008
1033,sh601009
1034,sh601010
1035,sh601011
1036,sh601012
1037,sh601015
1038,sh601016
1039,sh601018
1040,sh601019
1041,sh601020
1042,sh601021
1043,sh601022
1044,sh601028
1045,sh601033
1046,sh601038
1047,sh601058
1048,sh601059
1049,sh601061
1050,sh601065
1051,sh601066
1052,sh601068
1053,sh601069
1054,sh601077
1055,sh601083
1056,sh601086
1057,sh601088
1058,sh601089
1059,sh601096
1060,sh601098
1061,sh601099
1062,sh601100
1063,sh601101
1064,sh601106
1065,sh601107
1066,sh601108
1067,sh601111
1068,sh601113
1069,sh601116
1070,sh601117
1071,sh601118
1072,sh601121
1073,sh601126
1074,sh601127
1075,sh601128
1076,sh601133
1077,sh601136
1078,sh601137
1079,sh601138
1080,sh601139
1081,sh601155
1082,sh601156
1083,sh601158
1084,sh601162
1085,sh601163
1086,sh601166
1087,sh601168
1088,sh601169
1089,sh601177
1090,sh601179
1091,sh601186
1092,sh601187
1093,sh601188
1094,sh601198
1095,sh601199
1096,sh601200
1097,sh601208
1098,sh601211
1099,sh601212
1100,sh601216
1101,sh601218
1102,sh601222
1103,sh601225
1104,sh601226
1105,sh601228
1106,sh601229
1107,sh601231
1108,sh601233
1109,sh601236
1110,sh601238
1111,sh601279
1112,sh601288
1113,sh601298
1114,sh601311
1115,sh601318
1116,sh601319
1117,sh601326
1118,sh601328
1119,sh601330
1120,sh601333
1121,sh601336
1122,sh601339
1123,sh601360
1124,sh601366
1125,sh601368
1126,sh601369
1127,sh601375
1128,sh601377
1129,sh601388
1130,sh601390
1131,sh601398
1132,sh601399
1133,sh601456
1134,sh601500
1135,sh601512
1136,sh601515
1137,sh601518
1138,sh601519
1139,sh601528
1140,sh601555
1141,sh601566
1142,sh601567
1143,sh601568
1144,sh601577
1145,sh601579
1146,sh601588
1147,sh601595
1148,sh601598
1149,sh601599
1150,sh601600
1151,sh601601
1152,sh601606
1153,sh601607
1154,sh601608
1155,sh601609
1156,sh601611
1157,sh601615
1158,sh601616
1159,sh601618
1160,sh601619
1161,sh601628
1162,sh601633
1163,sh601636
1164,sh601658
1165,sh601665
1166,sh601666
1167,sh601668
1168,sh601669
1169,sh601677
1170,sh601678
1171,sh601686
1172,sh601688
1173,sh601689
1174,sh601696
1175,sh601698
1176,sh601699
1177,sh601700
1178,sh601702
1179,sh601717
1180,sh601718
1181,sh601727
1182,sh601728
1183,sh601766
1184,sh601777
1185,sh601778
1186,sh601788
1187,sh601789
1188,sh601798
1189,sh601799
1190,sh601800
1191,sh601801
1192,sh601808
1193,sh601811
1194,sh601816
1195,sh601818
1196,sh601825
1197,sh601827
1198,sh601828
1199,sh601838
1200,sh601857
1201,sh601858
1202,sh601860
1203,sh601865
1204,sh601866
1205,sh601868
1206,sh601869
1207,sh601872
1208,sh601877
1209,sh601878
1210,sh601880
1211,sh601881
1212,sh601882
1213,sh601886
1214,sh601888
1215,sh601890
1216,sh601898
1217,sh601899
1218,sh601900
1219,sh601901
1220,sh601908
1221,sh601916
1222,sh601918
1223,sh601919
1224,sh601921
1225,sh601928
1226,sh601929
1227,sh601933
1228,sh601939
1229,sh601949
1230,sh601952
1231,sh601956
1232,sh601958
1233,sh601963
1234,sh601965
1235,sh601966
1236,sh601968
1237,sh601969
1238,sh601975
1239,sh601985
1240,sh601988
1241,sh601989
1242,sh601990
1243,sh601991
1244,sh601992
1245,sh601995
1246,sh601996
1247,sh601997
1248,sh601998
1249,sh601999
1250,sh603000
1251,sh603001
1252,sh603002
1253,sh603003
1254,sh603004
1255,sh603005
1256,sh603006
1257,sh603007
1258,sh603008
1259,sh603009
1260,sh603010
1261,sh603011
1262,sh603012
1263,sh603013
1264,sh603015
1265,sh603016
1266,sh603017
1267,sh603018
1268,sh603019
1269,sh603020
1270,sh603021
1271,sh603022
1272,sh603023
1273,sh603025
1274,sh603026
1275,sh603027
1276,sh603028
1277,sh603029
1278,sh603030
1279,sh603031
1280,sh603032
1281,sh603033
1282,sh603035
1283,sh603036
1284,sh603037
1285,sh603038
1286,sh603039
1287,sh603040
1288,sh603041
1289,sh603042
1290,sh603043
1291,sh603045
1292,sh603048
1293,sh603050
1294,sh603051
1295,sh603052
1296,sh603053
1297,sh603055
1298,sh603056
1299,sh603057
1300,sh603058
1301,sh603059
1302,sh603060
1303,sh603061
1304,sh603062
1305,sh603063
1306,sh603065
1307,sh603066
1308,sh603067
1309,sh603068
1310,sh603069
1311,sh603070
1312,sh603071
1313,sh603073
1314,sh603075
1315,sh603076
1316,sh603077
1317,sh603078
1318,sh603079
1319,sh603080
1320,sh603081
1321,sh603082
1322,sh603083
1323,sh603085
1324,sh603086
1325,sh603087
1326,sh603088
1327,sh603089
1328,sh603090
1329,sh603091
1330,sh603093
1331,sh603095
1332,sh603096
1333,sh603097
1334,sh603098
1335,sh603099
1336,sh603100
1337,sh603101
1338,sh603102
1339,sh603103
1340,sh603105
1341,sh603106
1342,sh603107
1343,sh603108
1344,sh603109
1345,sh603110
1346,sh603111
1347,sh603112
1348,sh603113
1349,sh603115
1350,sh603116
1351,sh603117
1352,sh603118
1353,sh603119
1354,sh603121
1355,sh603122
1356,sh603123
1357,sh603125
1358,sh603126
1359,sh603127
1360,sh603128
1361,sh603129
1362,sh603130
1363,sh603131
1364,sh603132
1365,sh603135
1366,sh603136
1367,sh603137
1368,sh603138
1369,sh603139
1370,sh603150
1371,sh603151
1372,sh603153
1373,sh603155
1374,sh603156
1375,sh603158
1376,sh603159
1377,sh603160
1378,sh603161
1379,sh603162
1380,sh603163
1381,sh603165
1382,sh603166
1383,sh603167
1384,sh603168
1385,sh603169
1386,sh603170
1387,sh603171
1388,sh603172
1389,sh603173
1390,sh603176
1391,sh603177
1392,sh603178
1393,sh603179
1394,sh603180
1395,sh603181
1396,sh603182
1397,sh603183
1398,sh603185
1399,sh603186
1400,sh603187
1401,sh603188
1402,sh603189
1403,sh603190
1404,sh603191
1405,sh603192
1406,sh603193
1407,sh603195
1408,sh603196
1409,sh603197
1410,sh603198
1411,sh603199
1412,sh603200
1413,sh603201
1414,sh603203
1415,sh603205
1416,sh603206
1417,sh603207
1418,sh603208
1419,sh603209
1420,sh603211
1421,sh603212
1422,sh603213
1423,sh603214
1424,sh603215
1425,sh603216
1426,sh603217
1427,sh603218
1428,sh603219
1429,sh603220
1430,sh603221
1431,sh603222
1432,sh603223
1433,sh603225
1434,sh603226
1435,sh603227
1436,sh603228
1437,sh603229
1438,sh603230
1439,sh603231
1440,sh603232
1441,sh603233
1442,sh603235
1443,sh603236
1444,sh603237
1445,sh603238
1446,sh603239
1447,sh603255
1448,sh603256
1449,sh603258
1450,sh603259
1451,sh603260
1452,sh603261
1453,sh603266
1454,sh603267
1455,sh603268
1456,sh603269
1457,sh603270
1458,sh603272
1459,sh603273
1460,sh603275
1461,sh603276
1462,sh603277
1463,sh603278
1464,sh603279
1465,sh603280
1466,sh603281
1467,sh603282
1468,sh603283
1469,sh603285
1470,sh603286
1471,sh603288
1472,sh603289
1473,sh603290
1474,sh603291
1475,sh603296
1476,sh603297
1477,sh603298
1478,sh603299
1479,sh603300
1480,sh603301
1481,sh603303
1482,sh603305
1483,sh603306
1484,sh603307
1485,sh603308
1486,sh603309
1487,sh603310
1488,sh603311
1489,sh603312
1490,sh603313
1491,sh603315
1492,sh603316
1493,sh603317
1494,sh603318
1495,sh603319
1496,sh603320
1497,sh603321
1498,sh603322
1499,sh603323
1500,sh603324
1501,sh603325
1502,sh603326
1503,sh603327
1504,sh603328
1505,sh603329
1506,sh603330
1507,sh603331
1508,sh603332
1509,sh603333
1510,sh603335
1511,sh603336
1512,sh603337
1513,sh603338
1514,sh603339
1515,sh603341
1516,sh603344
1517,sh603345
1518,sh603348
1519,sh603350
1520,sh603351
1521,sh603353
1522,sh603355
1523,sh603356
1524,sh603357
1525,sh603358
1526,sh603359
1527,sh603360
1528,sh603363
1529,sh603365
1530,sh603366
1531,sh603367
1532,sh603368
1533,sh603369
1534,sh603373
1535,sh603375
1536,sh603377
1537,sh603378
1538,sh603379
1539,sh603380
1540,sh603381
1541,sh603383
1542,sh603385
1543,sh603386
1544,sh603387
1545,sh603388
1546,sh603389
1547,sh603390
1548,sh603391
1549,sh603392
1550,sh603393
1551,sh603395
1552,sh603396
1553,sh603398
1554,sh603399
1555,sh603408
1556,sh603416
1557,sh603421
1558,sh603429
1559,sh603439
1560,sh603444
1561,sh603456
1562,sh603458
1563,sh603466
1564,sh603477
1565,sh603486
1566,sh603488
1567,sh603489
1568,sh603496
1569,sh603499
1570,sh603500
1571,sh603501
1572,sh603505
1573,sh603506
1574,sh603507
1575,sh603508
1576,sh603511
1577,sh603515
1578,sh603516
1579,sh603517
1580,sh603518
1581,sh603519
1582,sh603520
1583,sh603527
1584,sh603528
1585,sh603529
1586,sh603530
1587,sh603533
1588,sh603535
1589,sh603536
1590,sh603538
1591,sh603551
1592,sh603556
1593,sh603557
1594,sh603558
1595,sh603559
1596,sh603565
1597,sh603566
1598,sh603567
1599,sh603568
1600,sh603569
1601,sh603577
1602,sh603578
1603,sh603579
1604,sh603580
1605,sh603583
1606,sh603585
1607,sh603586
1608,sh603587
1609,sh603588
1610,sh603589
1611,sh603590
1612,sh603595
1613,sh603596
1614,sh603598
1615,sh603599
1616,sh603600
1617,sh603601
1618,sh603602
1619,sh603605
1620,sh603606
1621,sh603607
1622,sh603608
1623,sh603609
1624,sh603610
1625,sh603611
1626,sh603612
1627,sh603613
1628,sh603615
1629,sh603616
1630,sh603617
1631,sh603618
1632,sh603619
1633,sh603626
1634,sh603628
1635,sh603629
1636,sh603630
1637,sh603633
1638,sh603636
1639,sh603637
1640,sh603638
1641,sh603639
1642,sh603648
1643,sh603650
1644,sh603655
1645,sh603656
1646,sh603657
1647,sh603658
1648,sh603659
1649,sh603660
1650,sh603661
1651,sh603662
1652,sh603663
1653,sh603665
1654,sh603666
1655,sh603667
1656,sh603668
1657,sh603669
1658,sh603676
1659,sh603677
1660,sh603678
1661,sh603679
1662,sh603680
1663,sh603681
1664,sh603682
1665,sh603683
1666,sh603685
1667,sh603686
1668,sh603687
1669,sh603688
1670,sh603689
1671,sh603690
1672,sh603693
1673,sh603696
1674,sh603697
1675,sh603698
1676,sh603699
1677,sh603700
1678,sh603701
1679,sh603703
1680,sh603706
1681,sh603707
1682,sh603708
1683,sh603709
1684,sh603711
1685,sh603712
1686,sh603713
1687,sh603716
1688,sh603717
1689,sh603718
1690,sh603719
1691,sh603721
1692,sh603722
1693,sh603725
1694,sh603726
1695,sh603727
1696,sh603728
1697,sh603729
1698,sh603730
1699,sh603733
1700,sh603737
1701,sh603738
1702,sh603739
1703,sh603755
1704,sh603757
1705,sh603758
1706,sh603759
1707,sh603766
1708,sh603767
1709,sh603768
1710,sh603773
1711,sh603776
1712,sh603777
1713,sh603778
1714,sh603779
1715,sh603786
1716,sh603787
1717,sh603788
1718,sh603789
1719,sh603790
1720,sh603797
1721,sh603798
1722,sh603799
1723,sh603800
1724,sh603801
1725,sh603803
1726,sh603806
1727,sh603808
1728,sh603809
1729,sh603810
1730,sh603811
1731,sh603813
1732,sh603815
1733,sh603816
1734,sh603817
1735,sh603818
1736,sh603819
1737,sh603822
1738,sh603823
1739,sh603825
1740,sh603826
1741,sh603828
1742,sh603829
1743,sh603833
1744,sh603836
1745,sh603838
1746,sh603839
1747,sh603843
1748,sh603848
1749,sh603855
1750,sh603856
1751,sh603858
1752,sh603859
1753,sh603860
1754,sh603861
1755,sh603863
1756,sh603866
1757,sh603867
1758,sh603868
1759,sh603869
1760,sh603871
1761,sh603876
1762,sh603877
1763,sh603878
1764,sh603879
1765,sh603880
1766,sh603881
1767,sh603882
1768,sh603883
1769,sh603885
1770,sh603886
1771,sh603887
1772,sh603888
1773,sh603889
1774,sh603890
1775,sh603893
1776,sh603895
1777,sh603896
1778,sh603897
1779,sh603898
1780,sh603899
1781,sh603900
1782,sh603901
1783,sh603903
1784,sh603906
1785,sh603908
1786,sh603909
1787,sh603912
1788,sh603915
1789,sh603916
1790,sh603917
1791,sh603918
1792,sh603919
1793,sh603920
1794,sh603922
1795,sh603926
1796,sh603927
1797,sh603928
1798,sh603929
1799,sh603931
1800,sh603933
1801,sh603936
1802,sh603937
1803,sh603938
1804,sh603939
1805,sh603948
1806,sh603949
1807,sh603950
1808,sh603955
1809,sh603956
1810,sh603958
1811,sh603959
1812,sh603960
1813,sh603963
1814,sh603966
1815,sh603967
1816,sh603968
1817,sh603969
1818,sh603970
1819,sh603976
1820,sh603977
1821,sh603978
1822,sh603979
1823,sh603980
1824,sh603982
1825,sh603983
1826,sh603985
1827,sh603986
1828,sh603987
1829,sh603988
1830,sh603989
1831,sh603990
1832,sh603991
1833,sh603992
1834,sh603993
1835,sh603995
1836,sh603997
1837,sh603998
1838,sh603999
1839,sh605001
1840,sh605003
1841,sh605005
1842,sh605006
1843,sh605007
1844,sh605008
1845,sh605009
1846,sh605011
1847,sh605016
1848,sh605018
1849,sh605020
1850,sh605028
1851,sh605033
1852,sh605050
1853,sh605055
1854,sh605056
1855,sh605058
1856,sh605060
1857,sh605066
1858,sh605068
1859,sh605069
1860,sh605077
1861,sh605080
1862,sh605081
1863,sh605086
1864,sh605088
1865,sh605089
1866,sh605090
1867,sh605098
1868,sh605099
1869,sh605100
1870,sh605108
1871,sh605111
1872,sh605116
1873,sh605117
1874,sh605118
1875,sh605122
1876,sh605123
1877,sh605128
1878,sh605133
1879,sh605136
1880,sh605138
1881,sh605151
1882,sh605155
1883,sh605158
1884,sh605162
1885,sh605166
1886,sh605167
1887,sh605168
1888,sh605169
1889,sh605177
1890,sh605178
1891,sh605179
1892,sh605180
1893,sh605183
1894,sh605186
1895,sh605188
1896,sh605189
1897,sh605196
1898,sh605198
1899,sh605199
1900,sh605208
1901,sh605218
1902,sh605222
1903,sh605228
1904,sh605255
1905,sh605258
1906,sh605259
1907,sh605266
1908,sh605268
1909,sh605277
1910,sh605286
1911,sh605287
1912,sh605288
1913,sh605289
1914,sh605296
1915,sh605298
1916,sh605299
1917,sh605300
1918,sh605303
1919,sh605305
1920,sh605318
1921,sh605319
1922,sh605333
1923,sh605336
1924,sh605337
1925,sh605338
1926,sh605339
1927,sh605358
1928,sh605365
1929,sh605366
1930,sh605368
1931,sh605369
1932,sh605376
1933,sh605377
1934,sh605378
1935,sh605388
1936,sh605389
1937,sh605398
1938,sh605399
1939,sh605488
1940,sh605499
1941,sh605500
1942,sh605507
1943,sh605555
1944,sh605566
1945,sh605567
1946,sh605577
1947,sh605580
1948,sh605588
1949,sh605589
1950,sh605598
1951,sh605599
1952,sh688001
1953,sh688002
1954,sh688003
1955,sh688004
1956,sh688005
1957,sh688006
1958,sh688007
1959,sh688008
1960,sh688009
1961,sh688010
1962,sh688011
1963,sh688012
1964,sh688013
1965,sh688015
1966,sh688016
1967,sh688017
1968,sh688018
1969,sh688019
1970,sh688020
1971,sh688021
1972,sh688022
1973,sh688023
1974,sh688025
1975,sh688026
1976,sh688027
1977,sh688028
1978,sh688029
1979,sh688030
1980,sh688031
1981,sh688032
1982,sh688033
1983,sh688035
1984,sh688036
1985,sh688037
1986,sh688038
1987,sh688039
1988,sh688041
1989,sh688045
1990,sh688046
1991,sh688047
1992,sh688048
1993,sh688049
1994,sh688050
1995,sh688051
1996,sh688052
1997,sh688053
1998,sh688055
1999,sh688056
2000,sh688057
2001,sh688058
2002,sh688059
2003,sh688060
2004,sh688061
2005,sh688062
2006,sh688063
2007,sh688065
2008,sh688066
2009,sh688067
2010,sh688068
2011,sh688069
2012,sh688070
2013,sh688071
2014,sh688072
2015,sh688073
2016,sh688075
2017,sh688076
2018,sh688077
2019,sh688078
2020,sh688079
2021,sh688080
2022,sh688081
2023,sh688082
2024,sh688083
2025,sh688084
2026,sh688085
2027,sh688087
2028,sh688088
2029,sh688089
2030,sh688090
2031,sh688091
2032,sh688092
2033,sh688093
2034,sh688095
2035,sh688096
2036,sh688097
2037,sh688098
2038,sh688099
2039,sh688100
2040,sh688101
2041,sh688102
2042,sh688103
2043,sh688105
2044,sh688106
2045,sh688107
2046,sh688108
2047,sh688109
2048,sh688110
2049,sh688111
2050,sh688112
2051,sh688113
2052,sh688114
2053,sh688115
2054,sh688116
2055,sh688117
2056,sh688118
2057,sh688119
2058,sh688120
2059,sh688121
2060,sh688122
2061,sh688123
2062,sh688125
2063,sh688126
2064,sh688127
2065,sh688128
2066,sh688129
2067,sh688130
2068,sh688131
2069,sh688132
2070,sh688133
2071,sh688135
2072,sh688136
2073,sh688137
2074,sh688138
2075,sh688139
2076,sh688141
2077,sh688143
2078,sh688146
2079,sh688147
2080,sh688148
2081,sh688150
2082,sh688151
2083,sh688152
2084,sh688153
2085,sh688155
2086,sh688156
2087,sh688157
2088,sh688158
2089,sh688159
2090,sh688160
2091,sh688161
2092,sh688162
2093,sh688163
2094,sh688165
2095,sh688166
2096,sh688167
2097,sh688168
2098,sh688169
2099,sh688170
2100,sh688171
2101,sh688172
2102,sh688173
2103,sh688175
2104,sh688176
2105,sh688177
2106,sh688178
2107,sh688179
2108,sh688180
2109,sh688181
2110,sh688182
2111,sh688183
2112,sh688184
2113,sh688185
2114,sh688186
2115,sh688187
2116,sh688188
2117,sh688189
2118,sh688190
2119,sh688191
2120,sh688192
2121,sh688193
2122,sh688195
2123,sh688196
2124,sh688197
2125,sh688198
2126,sh688199
2127,sh688200
2128,sh688201
2129,sh688202
2130,sh688203
2131,sh688205
2132,sh688206
2133,sh688207
2134,sh688208
2135,sh688209
2136,sh688210
2137,sh688211
2138,sh688212
2139,sh688213
2140,sh688215
2141,sh688216
2142,sh688217
2143,sh688218
2144,sh688219
2145,sh688220
2146,sh688221
2147,sh688222
2148,sh688223
2149,sh688225
2150,sh688226
2151,sh688227
2152,sh688228
2153,sh688229
2154,sh688230
2155,sh688231
2156,sh688232
2157,sh688233
2158,sh688234
2159,sh688235
2160,sh688236
2161,sh688237
2162,sh688238
2163,sh688239
2164,sh688244
2165,sh688246
2166,sh688247
2167,sh688248
2168,sh688249
2169,sh688251
2170,sh688252
2171,sh688253
2172,sh688255
2173,sh688256
2174,sh688257
2175,sh688258
2176,sh688259
2177,sh688260
2178,sh688261
2179,sh688262
2180,sh688265
2181,sh688266
2182,sh688267
2183,sh688268
2184,sh688269
2185,sh688270
2186,sh688271
2187,sh688272
2188,sh688273
2189,sh688275
2190,sh688276
2191,sh688277
2192,sh688278
2193,sh688279
2194,sh688280
2195,sh688281
2196,sh688282
2197,sh688283
2198,sh688285
2199,sh688286
2200,sh688287
2201,sh688288
2202,sh688289
2203,sh688290
2204,sh688291
2205,sh688292
2206,sh688293
2207,sh688295
2208,sh688296
2209,sh688297
2210,sh688298
2211,sh688299
2212,sh688300
2213,sh688301
2214,sh688302
2215,sh688303
2216,sh688305
2217,sh688306
2218,sh688307
2219,sh688308
2220,sh688309
2221,sh688310
2222,sh688311
2223,sh688312
2224,sh688313
2225,sh688314
2226,sh688315
2227,sh688316
2228,sh688317
2229,sh688318
2230,sh688319
2231,sh688320
2232,sh688321
2233,sh688322
2234,sh688323
2235,sh688325
2236,sh688326
2237,sh688327
2238,sh688328
2239,sh688329
2240,sh688330
2241,sh688331
2242,sh688332
2243,sh688333
2244,sh688334
2245,sh688335
2246,sh688336
2247,sh688337
2248,sh688338
2249,sh688339
2250,sh688343
2251,sh688345
2252,sh688347
2253,sh688348
2254,sh688349
2255,sh688350
2256,sh688351
2257,sh688352
2258,sh688353
2259,sh688355
2260,sh688356
2261,sh688357
2262,sh688358
2263,sh688359
2264,sh688360
2265,sh688361
2266,sh688362
2267,sh688363
2268,sh688365
2269,sh688366
2270,sh688367
2271,sh688368
2272,sh688369
2273,sh688370
2274,sh688371
2275,sh688372
2276,sh688373
2277,sh688375
2278,sh688376
2279,sh688377
2280,sh688378
2281,sh688379
2282,sh688380
2283,sh688381
2284,sh688382
2285,sh688383
2286,sh688385
2287,sh688386
2288,sh688387
2289,sh688388
2290,sh688389
2291,sh688390
2292,sh688391
2293,sh688392
2294,sh688393
2295,sh688395
2296,sh688396
2297,sh688398
2298,sh688399
2299,sh688400
2300,sh688401
2301,sh688403
2302,sh688408
2303,sh688409
2304,sh688410
2305,sh688416
2306,sh688418
2307,sh688419
2308,sh688420
2309,sh688425
2310,sh688426
2311,sh688428
2312,sh688429
2313,sh688432
2314,sh688433
2315,sh688435
2316,sh688439
2317,sh688443
2318,sh688448
2319,sh688449
2320,sh688450
2321,sh688455
2322,sh688456
2323,sh688458
2324,sh688459
2325,sh688466
2326,sh688468
2327,sh688469
2328,sh688472
2329,sh688475
2330,sh688478
2331,sh688479
2332,sh688480
2333,sh688484
2334,sh688485
2335,sh688486
2336,sh688488
2337,sh688489
2338,sh688496
2339,sh688498
2340,sh688499
2341,sh688500
2342,sh688501
2343,sh688502
2344,sh688503
2345,sh688505
2346,sh688506
2347,sh688507
2348,sh688508
2349,sh688509
2350,sh688510
2351,sh688511
2352,sh688512
2353,sh688513
2354,sh688515
2355,sh688516
2356,sh688517
2357,sh688518
2358,sh688519
2359,sh688520
2360,sh688521
2361,sh688522
2362,sh688523
2363,sh688525
2364,sh688526
2365,sh688528
2366,sh688529
2367,sh688530
2368,sh688531
2369,sh688533
2370,sh688535
2371,sh688536
2372,sh688538
2373,sh688539
2374,sh688543
2375,sh688548
2376,sh688549
2377,sh688550
2378,sh688551
2379,sh688552
2380,sh688553
2381,sh688556
2382,sh688557
2383,sh688558
2384,sh688559
2385,sh688560
2386,sh688561
2387,sh688562
2388,sh688563
2389,sh688565
2390,sh688566
2391,sh688567
2392,sh688568
2393,sh688569
2394,sh688570
2395,sh688571
2396,sh688573
2397,sh688575
2398,sh688576
2399,sh688577
2400,sh688578
2401,sh688579
2402,sh688580
2403,sh688581
2404,sh688582
2405,sh688584
2406,sh688585
2407,sh688586
2408,sh688588
2409,sh688589
2410,sh688590
2411,sh688591
2412,sh688592
2413,sh688593
2414,sh688595
2415,sh688596
2416,sh688597
2417,sh688598
2418,sh688599
2419,sh688600
2420,sh688601
2421,sh688602
2422,sh688603
2423,sh688606
2424,sh688607
2425,sh688608
2426,sh688609
2427,sh688610
2428,sh688611
2429,sh688612
2430,sh688613
2431,sh688615
2432,sh688616
2433,sh688617
2434,sh688618
2435,sh688619
2436,sh688620
2437,sh688621
2438,sh688622
2439,sh688623
2440,sh688625
2441,sh688626
2442,sh688627
2443,sh688628
2444,sh688629
2445,sh688630
2446,sh688631
2447,sh688633
2448,sh688636
2449,sh688638
2450,sh688639
2451,sh688646
2452,sh688648
2453,sh688651
2454,sh688652
2455,sh688653
2456,sh688655
2457,sh688656
2458,sh688657
2459,sh688658
2460,sh688659
2461,sh688660
2462,sh688661
2463,sh688662
2464,sh688663
2465,sh688665
2466,sh688667
2467,sh688668
2468,sh688669
2469,sh688670
2470,sh688671
2471,sh688676
2472,sh688677
2473,sh688678
2474,sh688679
2475,sh688680
2476,sh688681
2477,sh688682
2478,sh688683
2479,sh688685
2480,sh688686
2481,sh688687
2482,sh688689
2483,sh688690
2484,sh688691
2485,sh688692
2486,sh688693
2487,sh688695
2488,sh688696
2489,sh688697
2490,sh688698
2491,sh688699
2492,sh688700
2493,sh688701
2494,sh688702
2495,sh688707
2496,sh688708
2497,sh688709
2498,sh688710
2499,sh688711
2500,sh688716
2501,sh688717
2502,sh688718
2503,sh688719
2504,sh688720
2505,sh688721
2506,sh688722
2507,sh688726
2508,sh688728
2509,sh688733
2510,sh688737
2511,sh688739
2512,sh688750
2513,sh688766
2514,sh688767
2515,sh688768
2516,sh688772
2517,sh688776
2518,sh688777
2519,sh688778
2520,sh688779
2521,sh688786
2522,sh688787
2523,sh688788
2524,sh688789
2525,sh688793
2526,sh688798
2527,sh688799
2528,sh688800
2529,sh688819
2530,sh688981
2531,sz000001
2532,sz000002
2533,sz000004
2534,sz000006
2535,sz000007
2536,sz000008
2537,sz000009
2538,sz000010
2539,sz000011
2540,sz000012
2541,sz000014
2542,sz000016
2543,sz000017
2544,sz000019
2545,sz000020
2546,sz000021
2547,sz000025
2548,sz000026
2549,sz000027
2550,sz000028
2551,sz000029
2552,sz000030
2553,sz000031
2554,sz000032
2555,sz000034
2556,sz000035
2557,sz000036
2558,sz000037
2559,sz000039
2560,sz000040
2561,sz000042
2562,sz000045
2563,sz000048
2564,sz000049
2565,sz000050
2566,sz000055
2567,sz000056
2568,sz000058
2569,sz000059
2570,sz000060
2571,sz000061
2572,sz000062
2573,sz000063
2574,sz000065
2575,sz000066
2576,sz000068
2577,sz000069
2578,sz000070
2579,sz000078
2580,sz000088
2581,sz000089
2582,sz000090
2583,sz000096
2584,sz000099
2585,sz000100
2586,sz000151
2587,sz000153
2588,sz000155
2589,sz000156
2590,sz000157
2591,sz000158
2592,sz000159
2593,sz000166
2594,sz000301
2595,sz000333
2596,sz000338
2597,sz000400
2598,sz000401
2599,sz000402
2600,sz000403
2601,sz000404
2602,sz000407
2603,sz000408
2604,sz000409
2605,sz000410
2606,sz000411
2607,sz000415
2608,sz000417
2609,sz000419
2610,sz000420
2611,sz000421
2612,sz000422
2613,sz000423
2614,sz000425
2615,sz000426
2616,sz000428
2617,sz000429
2618,sz000430
2619,sz000488
2620,sz000498
2621,sz000501
2622,sz000503
2623,sz000504
2624,sz000505
2625,sz000506
2626,sz000507
2627,sz000509
2628,sz000510
2629,sz000513
2630,sz000514
2631,sz000516
2632,sz000517
2633,sz000518
2634,sz000519
2635,sz000520
2636,sz000521
2637,sz000523
2638,sz000524
2639,sz000525
2640,sz000526
2641,sz000528
2642,sz000529
2643,sz000530
2644,sz000531
2645,sz000532
2646,sz000533
2647,sz000534
2648,sz000536
2649,sz000537
2650,sz000538
2651,sz000539
2652,sz000541
2653,sz000543
2654,sz000544
2655,sz000545
2656,sz000546
2657,sz000547
2658,sz000548
2659,sz000550
2660,sz000551
2661,sz000552
2662,sz000553
2663,sz000554
2664,sz000555
2665,sz000557
2666,sz000558
2667,sz000559
2668,sz000560
2669,sz000561
2670,sz000563
2671,sz000564
2672,sz000565
2673,sz000566
2674,sz000567
2675,sz000568
2676,sz000570
2677,sz000571
2678,sz000572
2679,sz000573
2680,sz000576
2681,sz000581
2682,sz000582
2683,sz000584
2684,sz000586
2685,sz000589
2686,sz000590
2687,sz000591
2688,sz000592
2689,sz000593
2690,sz000595
2691,sz000596
2692,sz000597
2693,sz000598
2694,sz000599
2695,sz000600
2696,sz000601
2697,sz000603
2698,sz000605
2699,sz000607
2700,sz000608
2701,sz000609
2702,sz000610
2703,sz000612
2704,sz000615
2705,sz000617
2706,sz000619
2707,sz000620
2708,sz000622
2709,sz000623
2710,sz000625
2711,sz000626
2712,sz000627
2713,sz000628
2714,sz000629
2715,sz000630
2716,sz000631
2717,sz000632
2718,sz000633
2719,sz000635
2720,sz000636
2721,sz000637
2722,sz000638
2723,sz000639
2724,sz000650
2725,sz000651
2726,sz000652
2727,sz000655
2728,sz000656
2729,sz000657
2730,sz000659
2731,sz000661
2732,sz000663
2733,sz000665
2734,sz000668
2735,sz000669
2736,sz000670
2737,sz000672
2738,sz000676
2739,sz000677
2740,sz000678
2741,sz000679
2742,sz000680
2743,sz000681
2744,sz000682
2745,sz000683
2746,sz000685
2747,sz000686
2748,sz000688
2749,sz000690
2750,sz000691
2751,sz000692
2752,sz000695
2753,sz000697
2754,sz000698
2755,sz000700
2756,sz000701
2757,sz000702
2758,sz000703
2759,sz000705
2760,sz000707
2761,sz000708
2762,sz000709
2763,sz000710
2764,sz000711
2765,sz000712
2766,sz000713
2767,sz000715
2768,sz000716
2769,sz000717
2770,sz000718
2771,sz000719
2772,sz000720
2773,sz000721
2774,sz000722
2775,sz000723
2776,sz000725
2777,sz000726
2778,sz000727
2779,sz000728
2780,sz000729
2781,sz000731
2782,sz000733
2783,sz000735
2784,sz000736
2785,sz000737
2786,sz000738
2787,sz000739
2788,sz000750
2789,sz000751
2790,sz000752
2791,sz000753
2792,sz000755
2793,sz000756
2794,sz000757
2795,sz000758
2796,sz000759
2797,sz000761
2798,sz000762
2799,sz000766
2800,sz000767
2801,sz000768
2802,sz000776
2803,sz000777
2804,sz000778
2805,sz000779
2806,sz000782
2807,sz000783
2808,sz000785
2809,sz000786
2810,sz000788
2811,sz000789
2812,sz000790
2813,sz000791
2814,sz000792
2815,sz000793
2816,sz000795
2817,sz000796
2818,sz000797
2819,sz000798
2820,sz000799
2821,sz000800
2822,sz000801
2823,sz000802
2824,sz000803
2825,sz000807
2826,sz000809
2827,sz000810
2828,sz000811
2829,sz000812
2830,sz000813
2831,sz000815
2832,sz000816
2833,sz000818
2834,sz000819
2835,sz000820
2836,sz000821
2837,sz000822
2838,sz000823
2839,sz000825
2840,sz000826
2841,sz000828
2842,sz000829
2843,sz000830
2844,sz000831
2845,sz000833
2846,sz000837
2847,sz000838
2848,sz000839
2849,sz000848
2850,sz000850
2851,sz000851
2852,sz000852
2853,sz000856
2854,sz000858
2855,sz000859
2856,sz000860
2857,sz000862
2858,sz000863
2859,sz000868
2860,sz000869
2861,sz000875
2862,sz000876
2863,sz000877
2864,sz000878
2865,sz000880
2866,sz000881
2867,sz000882
2868,sz000883
2869,sz000885
2870,sz000886
2871,sz000887
2872,sz000888
2873,sz000889
2874,sz000890
2875,sz000892
2876,sz000893
2877,sz000895
2878,sz000897
2879,sz000898
2880,sz000899
2881,sz000900
2882,sz000901
2883,sz000902
2884,sz000903
2885,sz000905
2886,sz000906
2887,sz000908
2888,sz000909
2889,sz000910
2890,sz000911
2891,sz000912
2892,sz000913
2893,sz000915
2894,sz000917
2895,sz000919
2896,sz000920
2897,sz000921
2898,sz000922
2899,sz000923
2900,sz000925
2901,sz000926
2902,sz000927
2903,sz000928
2904,sz000929
2905,sz000930
2906,sz000931
2907,sz000932
2908,sz000933
2909,sz000935
2910,sz000936
2911,sz000937
2912,sz000938
2913,sz000948
2914,sz000949
2915,sz000950
2916,sz000951
2917,sz000952
2918,sz000953
2919,sz000955
2920,sz000957
2921,sz000958
2922,sz000959
2923,sz000960
2924,sz000962
2925,sz000963
2926,sz000965
2927,sz000966
2928,sz000967
2929,sz000968
2930,sz000969
2931,sz000970
2932,sz000972
2933,sz000973
2934,sz000975
2935,sz000977
2936,sz000978
2937,sz000980
2938,sz000981
2939,sz000983
2940,sz000985
2941,sz000987
2942,sz000988
2943,sz000989
2944,sz000990
2945,sz000993
2946,sz000995
2947,sz000997
2948,sz000998
2949,sz000999
2950,sz001201
2951,sz001202
2952,sz001203
2953,sz001205
2954,sz001206
2955,sz001207
2956,sz001208
2957,sz001209
2958,sz001210
2959,sz001211
2960,sz001212
2961,sz001213
2962,sz001215
2963,sz001216
2964,sz001217
2965,sz001218
2966,sz001219
2967,sz001222
2968,sz001223
2969,sz001225
2970,sz001226
2971,sz001227
2972,sz001228
2973,sz001229
2974,sz001230
2975,sz001231
2976,sz001234
2977,sz001236
2978,sz001238
2979,sz001239
2980,sz001255
2981,sz001256
2982,sz001258
2983,sz001259
2984,sz001260
2985,sz001266
2986,sz001267
2987,sz001268
2988,sz001269
2989,sz001270
2990,sz001277
2991,sz001278
2992,sz001279
2993,sz001282
2994,sz001283
2995,sz001286
2996,sz001287
2997,sz001288
2998,sz001289
2999,sz001296
3000,sz001298
3001,sz001299
3002,sz001300
3003,sz001301
3004,sz001306
3005,sz001308
3006,sz001309
3007,sz001311
3008,sz001313
3009,sz001314
3010,sz001316
3011,sz001317
3012,sz001318
3013,sz001319
3014,sz001322
3015,sz001323
3016,sz001324
3017,sz001326
3018,sz001328
3019,sz001330
3020,sz001331
3021,sz001332
3022,sz001333
3023,sz001336
3024,sz001337
3025,sz001338
3026,sz001339
3027,sz001358
3028,sz001359
3029,sz001360
3030,sz001366
3031,sz001367
3032,sz001368
3033,sz001373
3034,sz001376
3035,sz001378
3036,sz001379
3037,sz001380
3038,sz001387
3039,sz001389
3040,sz001696
3041,sz001872
3042,sz001896
3043,sz001914
3044,sz001965
3045,sz001979
3046,sz002001
3047,sz002003
3048,sz002004
3049,sz002005
3050,sz002006
3051,sz002007
3052,sz002008
3053,sz002009
3054,sz002010
3055,sz002011
3056,sz002012
3057,sz002014
3058,sz002015
3059,sz002016
3060,sz002017
3061,sz002019
3062,sz002020
3063,sz002021
3064,sz002022
3065,sz002023
3066,sz002024
3067,sz002025
3068,sz002026
3069,sz002027
3070,sz002028
3071,sz002029
3072,sz002030
3073,sz002031
3074,sz002032
3075,sz002033
3076,sz002034
3077,sz002035
3078,sz002036
3079,sz002037
3080,sz002038
3081,sz002039
3082,sz002040
3083,sz002041
3084,sz002042
3085,sz002043
3086,sz002044
3087,sz002045
3088,sz002046
3089,sz002047
3090,sz002048
3091,sz002049
3092,sz002050
3093,sz002051
3094,sz002052
3095,sz002053
3096,sz002054
3097,sz002055
3098,sz002056
3099,sz002057
3100,sz002058
3101,sz002059
3102,sz002060
3103,sz002061
3104,sz002062
3105,sz002063
3106,sz002064
3107,sz002065
3108,sz002066
3109,sz002067
3110,sz002068
3111,sz002069
3112,sz002072
3113,sz002073
3114,sz002074
3115,sz002075
3116,sz002076
3117,sz002077
3118,sz002078
3119,sz002079
3120,sz002080
3121,sz002081
3122,sz002082
3123,sz002083
3124,sz002084
3125,sz002085
3126,sz002086
3127,sz002088
3128,sz002090
3129,sz002091
3130,sz002092
3131,sz002093
3132,sz002094
3133,sz002095
3134,sz002096
3135,sz002097
3136,sz002098
3137,sz002099
3138,sz002100
3139,sz002101
3140,sz002102
3141,sz002103
3142,sz002104
3143,sz002105
3144,sz002106
3145,sz002107
3146,sz002108
3147,sz002109
3148,sz002110
3149,sz002111
3150,sz002112
3151,sz002114
3152,sz002115
3153,sz002116
3154,sz002117
3155,sz002119
3156,sz002120
3157,sz002121
3158,sz002122
3159,sz002123
3160,sz002124
3161,sz002125
3162,sz002126
3163,sz002127
3164,sz002128
3165,sz002129
3166,sz002130
3167,sz002131
3168,sz002132
3169,sz002133
3170,sz002134
3171,sz002135
3172,sz002136
3173,sz002137
3174,sz002138
3175,sz002139
3176,sz002140
3177,sz002141
3178,sz002142
3179,sz002144
3180,sz002145
3181,sz002146
3182,sz002148
3183,sz002149
3184,sz002150
3185,sz002151
3186,sz002152
3187,sz002153
3188,sz002154
3189,sz002155
3190,sz002156
3191,sz002157
3192,sz002158
3193,sz002159
3194,sz002160
3195,sz002161
3196,sz002162
3197,sz002163
3198,sz002164
3199,sz002165
3200,sz002166
3201,sz002167
3202,sz002168
3203,sz002169
3204,sz002170
3205,sz002171
3206,sz002172
3207,sz002173
3208,sz002174
3209,sz002175
3210,sz002176
3211,sz002177
3212,sz002178
3213,sz002179
3214,sz002180
3215,sz002181
3216,sz002182
3217,sz002183
3218,sz002184
3219,sz002185
3220,sz002186
3221,sz002187
3222,sz002188
3223,sz002189
3224,sz002190
3225,sz002191
3226,sz002192
3227,sz002193
3228,sz002194
3229,sz002195
3230,sz002196
3231,sz002197
3232,sz002198
3233,sz002199
3234,sz002200
3235,sz002201
3236,sz002202
3237,sz002203
3238,sz002204
3239,sz002205
3240,sz002206
3241,sz002207
3242,sz002208
3243,sz002209
3244,sz002210
3245,sz002211
3246,sz002212
3247,sz002213
3248,sz002214
3249,sz002215
3250,sz002216
3251,sz002217
3252,sz002218
3253,sz002219
3254,sz002221
3255,sz002222
3256,sz002223
3257,sz002224
3258,sz002225
3259,sz002226
3260,sz002227
3261,sz002228
3262,sz002229
3263,sz002230
3264,sz002231
3265,sz002232
3266,sz002233
3267,sz002234
3268,sz002235
3269,sz002236
3270,sz002237
3271,sz002238
3272,sz002239
3273,sz002240
3274,sz002241
3275,sz002242
3276,sz002243
3277,sz002244
3278,sz002245
3279,sz002246
3280,sz002247
3281,sz002248
3282,sz002249
3283,sz002250
3284,sz002251
3285,sz002252
3286,sz002253
3287,sz002254
3288,sz002255
3289,sz002256
3290,sz002258
3291,sz002259
3292,sz002261
3293,sz002262
3294,sz002263
3295,sz002264
3296,sz002265
3297,sz002266
3298,sz002267
3299,sz002268
3300,sz002269
3301,sz002270
3302,sz002271
3303,sz002272
3304,sz002273
3305,sz002274
3306,sz002275
3307,sz002276
3308,sz002277
3309,sz002278
3310,sz002279
3311,sz002281
3312,sz002282
3313,sz002283
3314,sz002284
3315,sz002285
3316,sz002286
3317,sz002287
3318,sz002289
3319,sz002290
3320,sz002291
3321,sz002292
3322,sz002293
3323,sz002294
3324,sz002295
3325,sz002296
3326,sz002297
3327,sz002298
3328,sz002299
3329,sz002300
3330,sz002301
3331,sz002302
3332,sz002303
3333,sz002304
3334,sz002305
3335,sz002306
3336,sz002307
3337,sz002309
3338,sz002310
3339,sz002311
3340,sz002312
3341,sz002313
3342,sz002314
3343,sz002315
3344,sz002316
3345,sz002317
3346,sz002318
3347,sz002319
3348,sz002320
3349,sz002321
3350,sz002322
3351,sz002323
3352,sz002324
3353,sz002326
3354,sz002327
3355,sz002328
3356,sz002329
3357,sz002330
3358,sz002331
3359,sz002332
3360,sz002333
3361,sz002334
3362,sz002335
3363,sz002336
3364,sz002337
3365,sz002338
3366,sz002339
3367,sz002340
3368,sz002342
3369,sz002343
3370,sz002344
3371,sz002345
3372,sz002346
3373,sz002347
3374,sz002348
3375,sz002349
3376,sz002350
3377,sz002351
3378,sz002352
3379,sz002353
3380,sz002354
3381,sz002355
3382,sz002356
3383,sz002357
3384,sz002358
3385,sz002360
3386,sz002361
3387,sz002362
3388,sz002363
3389,sz002364
3390,sz002365
3391,sz002366
3392,sz002367
3393,sz002368
3394,sz002369
3395,sz002370
3396,sz002371
3397,sz002372
3398,sz002373
3399,sz002374
3400,sz002375
3401,sz002376
3402,sz002377
3403,sz002378
3404,sz002379
3405,sz002380
3406,sz002381
3407,sz002382
3408,sz002383
3409,sz002384
3410,sz002385
3411,sz002386
3412,sz002387
3413,sz002388
3414,sz002389
3415,sz002390
3416,sz002391
3417,sz002392
3418,sz002393
3419,sz002394
3420,sz002395
3421,sz002396
3422,sz002397
3423,sz002398
3424,sz002399
3425,sz002400
3426,sz002401
3427,sz002402
3428,sz002403
3429,sz002404
3430,sz002405
3431,sz002406
3432,sz002407
3433,sz002408
3434,sz002409
3435,sz002410
3436,sz002412
3437,sz002413
3438,sz002414
3439,sz002415
3440,sz002416
3441,sz002418
3442,sz002419
3443,sz002420
3444,sz002421
3445,sz002422
3446,sz002423
3447,sz002424
3448,sz002425
3449,sz002426
3450,sz002427
3451,sz002428
3452,sz002429
3453,sz002430
3454,sz002431
3455,sz002432
3456,sz002434
3457,sz002436
3458,sz002437
3459,sz002438
3460,sz002439
3461,sz002440
3462,sz002441
3463,sz002442
3464,sz002443
3465,sz002444
3466,sz002445
3467,sz002446
3468,sz002448
3469,sz002449
3470,sz002451
3471,sz002452
3472,sz002453
3473,sz002454
3474,sz002455
3475,sz002456
3476,sz002457
3477,sz002458
3478,sz002459
3479,sz002460
3480,sz002461
3481,sz002462
3482,sz002463
3483,sz002465
3484,sz002466
3485,sz002467
3486,sz002468
3487,sz002469
3488,sz002470
3489,sz002471
3490,sz002472
3491,sz002474
3492,sz002475
3493,sz002476
3494,sz002478
3495,sz002479
3496,sz002480
3497,sz002481
3498,sz002482
3499,sz002483
3500,sz002484
3501,sz002485
3502,sz002486
3503,sz002487
3504,sz002488
3505,sz002489
3506,sz002490
3507,sz002491
3508,sz002492
3509,sz002493
3510,sz002494
3511,sz002495
3512,sz002496
3513,sz002497
3514,sz002498
3515,sz002500
3516,sz002501
3517,sz002506
3518,sz002507
3519,sz002508
3520,sz002510
3521,sz002511
3522,sz002512
3523,sz002513
3524,sz002514
3525,sz002515
3526,sz002516
3527,sz002517
3528,sz002518
3529,sz002519
3530,sz002520
3531,sz002521
3532,sz002522
3533,sz002523
3534,sz002524
3535,sz002526
3536,sz002527
3537,sz002528
3538,sz002529
3539,sz002530
3540,sz002531
3541,sz002532
3542,sz002533
3543,sz002534
3544,sz002535
3545,sz002536
3546,sz002537
3547,sz002538
3548,sz002539
3549,sz002540
3550,sz002541
3551,sz002542
3552,sz002543
3553,sz002544
3554,sz002545
3555,sz002546
3556,sz002547
3557,sz002548
3558,sz002549
3559,sz002550
3560,sz002551
3561,sz002552
3562,sz002553
3563,sz002554
3564,sz002555
3565,sz002556
3566,sz002557
3567,sz002558
3568,sz002559
3569,sz002560
3570,sz002561
3571,sz002562
3572,sz002563
3573,sz002564
3574,sz002565
3575,sz002566
3576,sz002567
3577,sz002568
3578,sz002569
3579,sz002570
3580,sz002571
3581,sz002572
3582,sz002573
3583,sz002574
3584,sz002575
3585,sz002576
3586,sz002577
3587,sz002578
3588,sz002579
3589,sz002580
3590,sz002581
3591,sz002582
3592,sz002583
3593,sz002584
3594,sz002585
3595,sz002586
3596,sz002587
3597,sz002588
3598,sz002589
3599,sz002590
3600,sz002591
3601,sz002592
3602,sz002593
3603,sz002594
3604,sz002595
3605,sz002596
3606,sz002597
3607,sz002598
3608,sz002599
3609,sz002600
3610,sz002601
3611,sz002602
3612,sz002603
3613,sz002605
3614,sz002606
3615,sz002607
3616,sz002608
3617,sz002609
3618,sz002611
3619,sz002612
3620,sz002613
3621,sz002614
3622,sz002615
3623,sz002616
3624,sz002617
3625,sz002620
3626,sz002622
3627,sz002623
3628,sz002624
3629,sz002625
3630,sz002626
3631,sz002627
3632,sz002628
3633,sz002629
3634,sz002630
3635,sz002631
3636,sz002632
3637,sz002633
3638,sz002634
3639,sz002635
3640,sz002636
3641,sz002637
3642,sz002638
3643,sz002639
3644,sz002640
3645,sz002641
3646,sz002642
3647,sz002643
3648,sz002644
3649,sz002645
3650,sz002646
3651,sz002647
3652,sz002648
3653,sz002649
3654,sz002650
3655,sz002651
3656,sz002652
3657,sz002653
3658,sz002654
3659,sz002655
3660,sz002656
3661,sz002657
3662,sz002658
3663,sz002659
3664,sz002660
3665,sz002661
3666,sz002662
3667,sz002663
3668,sz002664
3669,sz002666
3670,sz002667
3671,sz002668
3672,sz002669
3673,sz002670
3674,sz002671
3675,sz002672
3676,sz002673
3677,sz002674
3678,sz002675
3679,sz002676
3680,sz002677
3681,sz002678
3682,sz002679
3683,sz002681
3684,sz002682
3685,sz002683
3686,sz002685
3687,sz002686
3688,sz002687
3689,sz002688
3690,sz002689
3691,sz002690
3692,sz002691
3693,sz002692
3694,sz002693
3695,sz002694
3696,sz002695
3697,sz002696
3698,sz002697
3699,sz002698
3700,sz002700
3701,sz002701
3702,sz002702
3703,sz002703
3704,sz002705
3705,sz002706
3706,sz002707
3707,sz002708
3708,sz002709
3709,sz002712
3710,sz002713
3711,sz002714
3712,sz002715
3713,sz002716
3714,sz002717
3715,sz002718
3716,sz002719
3717,sz002721
3718,sz002722
3719,sz002723
3720,sz002724
3721,sz002725
3722,sz002726
3723,sz002727
3724,sz002728
3725,sz002729
3726,sz002730
3727,sz002731
3728,sz002732
3729,sz002733
3730,sz002734
3731,sz002735
3732,sz002736
3733,sz002737
3734,sz002738
3735,sz002739
3736,sz002741
3737,sz002742
3738,sz002743
3739,sz002745
3740,sz002746
3741,sz002747
3742,sz002748
3743,sz002749
3744,sz002750
3745,sz002752
3746,sz002753
3747,sz002755
3748,sz002756
3749,sz002757
3750,sz002758
3751,sz002759
3752,sz002760
3753,sz002761
3754,sz002762
3755,sz002763
3756,sz002765
3757,sz002766
3758,sz002767
3759,sz002768
3760,sz002769
3761,sz002771
3762,sz002772
3763,sz002773
3764,sz002774
3765,sz002775
3766,sz002777
3767,sz002778
3768,sz002779
3769,sz002780
3770,sz002782
3771,sz002783
3772,sz002785
3773,sz002786
3774,sz002787
3775,sz002788
3776,sz002789
3777,sz002790
3778,sz002791
3779,sz002792
3780,sz002793
3781,sz002795
3782,sz002796
3783,sz002797
3784,sz002798
3785,sz002799
3786,sz002800
3787,sz002801
3788,sz002802
3789,sz002803
3790,sz002805
3791,sz002806
3792,sz002807
3793,sz002808
3794,sz002809
3795,sz002810
3796,sz002811
3797,sz002812
3798,sz002813
3799,sz002815
3800,sz002816
3801,sz002817
3802,sz002818
3803,sz002819
3804,sz002820
3805,sz002821
3806,sz002822
3807,sz002823
3808,sz002824
3809,sz002825
3810,sz002826
3811,sz002827
3812,sz002828
3813,sz002829
3814,sz002830
3815,sz002831
3816,sz002832
3817,sz002833
3818,sz002835
3819,sz002836
3820,sz002837
3821,sz002838
3822,sz002839
3823,sz002840
3824,sz002841
3825,sz002842
3826,sz002843
3827,sz002845
3828,sz002846
3829,sz002847
3830,sz002848
3831,sz002849
3832,sz002850
3833,sz002851
3834,sz002852
3835,sz002853
3836,sz002855
3837,sz002856
3838,sz002857
3839,sz002858
3840,sz002859
3841,sz002860
3842,sz002861
3843,sz002862
3844,sz002863
3845,sz002864
3846,sz002865
3847,sz002866
3848,sz002867
3849,sz002868
3850,sz002869
3851,sz002870
3852,sz002871
3853,sz002872
3854,sz002873
3855,sz002875
3856,sz002876
3857,sz002877
3858,sz002878
3859,sz002879
3860,sz002880
3861,sz002881
3862,sz002882
3863,sz002883
3864,sz002884
3865,sz002885
3866,sz002886
3867,sz002887
3868,sz002888
3869,sz002889
3870,sz002890
3871,sz002891
3872,sz002892
3873,sz002893
3874,sz002895
3875,sz002896
3876,sz002897
3877,sz002898
3878,sz002899
3879,sz002900
3880,sz002901
3881,sz002902
3882,sz002903
3883,sz002905
3884,sz002906
3885,sz002907
3886,sz002908
3887,sz002909
3888,sz002910
3889,sz002911
3890,sz002912
3891,sz002913
3892,sz002915
3893,sz002916
3894,sz002917
3895,sz002918
3896,sz002919
3897,sz002920
3898,sz002921
3899,sz002922
3900,sz002923
3901,sz002925
3902,sz002926
3903,sz002927
3904,sz002928
3905,sz002929
3906,sz002930
3907,sz002931
3908,sz002932
3909,sz002933
3910,sz002935
3911,sz002936
3912,sz002937
3913,sz002938
3914,sz002939
3915,sz002940
3916,sz002941
3917,sz002942
3918,sz002943
3919,sz002945
3920,sz002946
3921,sz002947
3922,sz002948
3923,sz002949
3924,sz002950
3925,sz002951
3926,sz002952
3927,sz002953
3928,sz002955
3929,sz002956
3930,sz002957
3931,sz002958
3932,sz002959
3933,sz002960
3934,sz002961
3935,sz002962
3936,sz002963
3937,sz002965
3938,sz002966
3939,sz002967
3940,sz002968
3941,sz002969
3942,sz002970
3943,sz002971
3944,sz002972
3945,sz002973
3946,sz002975
3947,sz002976
3948,sz002977
3949,sz002978
3950,sz002979
3951,sz002980
3952,sz002981
3953,sz002982
3954,sz002983
3955,sz002984
3956,sz002985
3957,sz002986
3958,sz002987
3959,sz002988
3960,sz002989
3961,sz002990
3962,sz002991
3963,sz002992
3964,sz002993
3965,sz002995
3966,sz002996
3967,sz002997
3968,sz002998
3969,sz002999
3970,sz003000
3971,sz003001
3972,sz003002
3973,sz003003
3974,sz003004
3975,sz003005
3976,sz003006
3977,sz003007
3978,sz003008
3979,sz003009
3980,sz003010
3981,sz003011
3982,sz003012
3983,sz003013
3984,sz003015
3985,sz003016
3986,sz003017
3987,sz003018
3988,sz003019
3989,sz003020
3990,sz003021
3991,sz003022
3992,sz003023
3993,sz003025
3994,sz003026
3995,sz003027
3996,sz003028
3997,sz003029
3998,sz003030
3999,sz003031
4000,sz003032
4001,sz003033
4002,sz003035
4003,sz003036
4004,sz003037
4005,sz003038
4006,sz003039
4007,sz003040
4008,sz003041
4009,sz003042
4010,sz003043
4011,sz003816
4012,sz300001
4013,sz300002
4014,sz300003
4015,sz300004
4016,sz300005
4017,sz300006
4018,sz300007
4019,sz300008
4020,sz300009
4021,sz300010
4022,sz300011
4023,sz300012
4024,sz300013
4025,sz300014
4026,sz300015
4027,sz300016
4028,sz300017
4029,sz300018
4030,sz300019
4031,sz300020
4032,sz300021
4033,sz300022
4034,sz300024
4035,sz300025
4036,sz300026
4037,sz300027
4038,sz300029
4039,sz300030
4040,sz300031
4041,sz300032
4042,sz300033
4043,sz300034
4044,sz300035
4045,sz300036
4046,sz300037
4047,sz300039
4048,sz300040
4049,sz300041
4050,sz300042
4051,sz300043
4052,sz300044
4053,sz300045
4054,sz300046
4055,sz300047
4056,sz300048
4057,sz300049
4058,sz300050
4059,sz300051
4060,sz300052
4061,sz300053
4062,sz300054
4063,sz300055
4064,sz300056
4065,sz300057
4066,sz300058
4067,sz300059
4068,sz300061
4069,sz300062
4070,sz300063
4071,sz300065
4072,sz300066
4073,sz300067
4074,sz300068
4075,sz300069
4076,sz300070
4077,sz300071
4078,sz300072
4079,sz300073
4080,sz300074
4081,sz300075
4082,sz300076
4083,sz300077
4084,sz300078
4085,sz300079
4086,sz300080
4087,sz300081
4088,sz300082
4089,sz300083
4090,sz300084
4091,sz300085
4092,sz300086
4093,sz300087
4094,sz300088
4095,sz300091
4096,sz300092
4097,sz300093
4098,sz300094
4099,sz300095
4100,sz300096
4101,sz300097
4102,sz300098
4103,sz300099
4104,sz300100
4105,sz300101
4106,sz300102
4107,sz300103
4108,sz300105
4109,sz300106
4110,sz300107
4111,sz300108
4112,sz300109
4113,sz300110
4114,sz300111
4115,sz300112
4116,sz300113
4117,sz300114
4118,sz300115
4119,sz300117
4120,sz300118
4121,sz300119
4122,sz300120
4123,sz300121
4124,sz300122
4125,sz300123
4126,sz300124
4127,sz300125
4128,sz300126
4129,sz300127
4130,sz300128
4131,sz300129
4132,sz300130
4133,sz300131
4134,sz300132
4135,sz300133
4136,sz300134
4137,sz300135
4138,sz300136
4139,sz300137
4140,sz300138
4141,sz300139
4142,sz300140
4143,sz300141
4144,sz300142
4145,sz300143
4146,sz300144
4147,sz300145
4148,sz300146
4149,sz300147
4150,sz300148
4151,sz300149
4152,sz300150
4153,sz300151
4154,sz300152
4155,sz300153
4156,sz300154
4157,sz300155
4158,sz300157
4159,sz300158
4160,sz300159
4161,sz300160
4162,sz300161
4163,sz300162
4164,sz300163
4165,sz300164
4166,sz300165
4167,sz300166
4168,sz300167
4169,sz300168
4170,sz300169
4171,sz300170
4172,sz300171
4173,sz300172
4174,sz300173
4175,sz300174
4176,sz300175
4177,sz300176
4178,sz300177
4179,sz300179
4180,sz300180
4181,sz300181
4182,sz300182
4183,sz300183
4184,sz300184
4185,sz300185
4186,sz300187
4187,sz300188
4188,sz300189
4189,sz300190
4190,sz300191
4191,sz300192
4192,sz300193
4193,sz300194
4194,sz300195
4195,sz300196
4196,sz300197
4197,sz300198
4198,sz300199
4199,sz300200
4200,sz300201
4201,sz300203
4202,sz300204
4203,sz300205
4204,sz300206
4205,sz300207
4206,sz300208
4207,sz300209
4208,sz300210
4209,sz300211
4210,sz300212
4211,sz300213
4212,sz300214
4213,sz300215
4214,sz300217
4215,sz300218
4216,sz300219
4217,sz300220
4218,sz300221
4219,sz300222
4220,sz300223
4221,sz300224
4222,sz300225
4223,sz300226
4224,sz300227
4225,sz300228
4226,sz300229
4227,sz300230
4228,sz300231
4229,sz300232
4230,sz300233
4231,sz300234
4232,sz300235
4233,sz300236
4234,sz300237
4235,sz300238
4236,sz300239
4237,sz300240
4238,sz300241
4239,sz300242
4240,sz300243
4241,sz300244
4242,sz300245
4243,sz300246
4244,sz300247
4245,sz300248
4246,sz300249
4247,sz300250
4248,sz300251
4249,sz300252
4250,sz300253
4251,sz300254
4252,sz300255
4253,sz300256
4254,sz300257
4255,sz300258
4256,sz300259
4257,sz300260
4258,sz300261
4259,sz300263
4260,sz300264
4261,sz300265
4262,sz300266
4263,sz300267
4264,sz300268
4265,sz300269
4266,sz300270
4267,sz300271
4268,sz300272
4269,sz300274
4270,sz300275
4271,sz300276
4272,sz300277
4273,sz300278
4274,sz300279
4275,sz300280
4276,sz300281
4277,sz300283
4278,sz300284
4279,sz300285
4280,sz300286
4281,sz300287
4282,sz300288
4283,sz300289
4284,sz300290
4285,sz300291
4286,sz300292
4287,sz300293
4288,sz300294
4289,sz300295
4290,sz300296
4291,sz300298
4292,sz300299
4293,sz300300
4294,sz300301
4295,sz300302
4296,sz300303
4297,sz300304
4298,sz300305
4299,sz300306
4300,sz300307
4301,sz300308
4302,sz300310
4303,sz300311
4304,sz300313
4305,sz300314
4306,sz300315
4307,sz300316
4308,sz300317
4309,sz300318
4310,sz300319
4311,sz300320
4312,sz300321
4313,sz300322
4314,sz300323
4315,sz300324
4316,sz300326
4317,sz300327
4318,sz300328
4319,sz300329
4320,sz300331
4321,sz300332
4322,sz300333
4323,sz300334
4324,sz300335
4325,sz300337
4326,sz300338
4327,sz300339
4328,sz300340
4329,sz300341
4330,sz300342
4331,sz300343
4332,sz300344
4333,sz300345
4334,sz300346
4335,sz300347
4336,sz300348
4337,sz300349
4338,sz300350
4339,sz300351
4340,sz300352
4341,sz300353
4342,sz300354
4343,sz300355
4344,sz300357
4345,sz300358
4346,sz300359
4347,sz300360
4348,sz300363
4349,sz300364
4350,sz300365
4351,sz300366
4352,sz300368
4353,sz300369
4354,sz300370
4355,sz300371
4356,sz300373
4357,sz300374
4358,sz300375
4359,sz300376
4360,sz300377
4361,sz300378
4362,sz300379
4363,sz300380
4364,sz300381
4365,sz300382
4366,sz300383
4367,sz300384
4368,sz300385
4369,sz300386
4370,sz300387
4371,sz300388
4372,sz300389
4373,sz300390
4374,sz300391
4375,sz300393
4376,sz300394
4377,sz300395
4378,sz300396
4379,sz300397
4380,sz300398
4381,sz300399
4382,sz300400
4383,sz300401
4384,sz300402
4385,sz300403
4386,sz300404
4387,sz300405
4388,sz300406
4389,sz300407
4390,sz300408
4391,sz300409
4392,sz300410
4393,sz300411
4394,sz300412
4395,sz300413
4396,sz300414
4397,sz300415
4398,sz300416
4399,sz300417
4400,sz300418
4401,sz300419
4402,sz300420
4403,sz300421
4404,sz300422
4405,sz300423
4406,sz300424
4407,sz300425
4408,sz300426
4409,sz300427
4410,sz300428
4411,sz300429
4412,sz300430
4413,sz300432
4414,sz300433
4415,sz300434
4416,sz300435
4417,sz300436
4418,sz300437
4419,sz300438
4420,sz300439
4421,sz300440
4422,sz300441
4423,sz300442
4424,sz300443
4425,sz300444
4426,sz300445
4427,sz300446
4428,sz300447
4429,sz300448
4430,sz300449
4431,sz300450
4432,sz300451
4433,sz300452
4434,sz300453
4435,sz300454
4436,sz300455
4437,sz300456
4438,sz300457
4439,sz300458
4440,sz300459
4441,sz300460
4442,sz300461
4443,sz300462
4444,sz300463
4445,sz300464
4446,sz300465
4447,sz300466
4448,sz300467
4449,sz300468
4450,sz300469
4451,sz300470
4452,sz300471
4453,sz300472
4454,sz300473
4455,sz300474
4456,sz300475
4457,sz300476
4458,sz300477
4459,sz300478
4460,sz300479
4461,sz300480
4462,sz300481
4463,sz300482
4464,sz300483
4465,sz300484
4466,sz300485
4467,sz300486
4468,sz300487
4469,sz300488
4470,sz300489
4471,sz300490
4472,sz300491
4473,sz300492
4474,sz300493
4475,sz300494
4476,sz300496
4477,sz300497
4478,sz300498
4479,sz300499
4480,sz300500
4481,sz300501
4482,sz300502
4483,sz300503
4484,sz300504
4485,sz300505
4486,sz300506
4487,sz300507
4488,sz300508
4489,sz300509
4490,sz300510
4491,sz300511
4492,sz300512
4493,sz300513
4494,sz300514
4495,sz300515
4496,sz300516
4497,sz300517
4498,sz300518
4499,sz300519
4500,sz300520
4501,sz300521
4502,sz300522
4503,sz300523
4504,sz300525
4505,sz300527
4506,sz300528
4507,sz300529
4508,sz300530
4509,sz300531
4510,sz300532
4511,sz300533
4512,sz300534
4513,sz300535
4514,sz300536
4515,sz300537
4516,sz300538
4517,sz300539
4518,sz300540
4519,sz300541
4520,sz300542
4521,sz300543
4522,sz300545
4523,sz300546
4524,sz300547
4525,sz300548
4526,sz300549
4527,sz300550
4528,sz300551
4529,sz300552
4530,sz300553
4531,sz300554
4532,sz300555
4533,sz300556
4534,sz300557
4535,sz300558
4536,sz300559
4537,sz300560
4538,sz300561
4539,sz300562
4540,sz300563
4541,sz300564
4542,sz300565
4543,sz300566
4544,sz300567
4545,sz300568
4546,sz300569
4547,sz300570
4548,sz300571
4549,sz300572
4550,sz300573
4551,sz300575
4552,sz300576
4553,sz300577
4554,sz300578
4555,sz300579
4556,sz300580
4557,sz300581
4558,sz300582
4559,sz300583
4560,sz300584
4561,sz300585
4562,sz300586
4563,sz300587
4564,sz300588
4565,sz300589
4566,sz300590
4567,sz300591
4568,sz300592
4569,sz300593
4570,sz300594
4571,sz300595
4572,sz300596
4573,sz300597
4574,sz300598
4575,sz300599
4576,sz300600
4577,sz300601
4578,sz300602
4579,sz300603
4580,sz300604
4581,sz300605
4582,sz300606
4583,sz300607
4584,sz300608
4585,sz300609
4586,sz300610
4587,sz300611
4588,sz300612
4589,sz300613
4590,sz300614
4591,sz300615
4592,sz300616
4593,sz300617
4594,sz300618
4595,sz300619
4596,sz300620
4597,sz300621
4598,sz300622
4599,sz300623
4600,sz300624
4601,sz300625
4602,sz300626
4603,sz300627
4604,sz300628
4605,sz300629
4606,sz300630
4607,sz300631
4608,sz300632
4609,sz300633
4610,sz300634
4611,sz300635
4612,sz300636
4613,sz300637
4614,sz300638
4615,sz300639
4616,sz300640
4617,sz300641
4618,sz300642
4619,sz300643
4620,sz300644
4621,sz300645
4622,sz300647
4623,sz300648
4624,sz300649
4625,sz300650
4626,sz300651
4627,sz300652
4628,sz300653
4629,sz300654
4630,sz300655
4631,sz300656
4632,sz300657
4633,sz300658
4634,sz300659
4635,sz300660
4636,sz300661
4637,sz300662
4638,sz300663
4639,sz300664
4640,sz300665
4641,sz300666
4642,sz300667
4643,sz300668
4644,sz300669
4645,sz300670
4646,sz300671
4647,sz300672
4648,sz300673
4649,sz300674
4650,sz300675
4651,sz300676
4652,sz300677
4653,sz300678
4654,sz300679
4655,sz300680
4656,sz300681
4657,sz300682
4658,sz300683
4659,sz300684
4660,sz300685
4661,sz300686
4662,sz300687
4663,sz300688
4664,sz300689
4665,sz300690
4666,sz300691
4667,sz300692
4668,sz300693
4669,sz300694
4670,sz300695
4671,sz300696
4672,sz300697
4673,sz300698
4674,sz300699
4675,sz300700
4676,sz300701
4677,sz300702
4678,sz300703
4679,sz300705
4680,sz300706
4681,sz300707
4682,sz300708
4683,sz300709
4684,sz300710
4685,sz300711
4686,sz300712
4687,sz300713
4688,sz300715
4689,sz300716
4690,sz300717
4691,sz300718
4692,sz300719
4693,sz300720
4694,sz300721
4695,sz300722
4696,sz300723
4697,sz300724
4698,sz300725
4699,sz300726
4700,sz300727
4701,sz300729
4702,sz300730
4703,sz300731
4704,sz300732
4705,sz300733
4706,sz300735
4707,sz300736
4708,sz300737
4709,sz300738
4710,sz300739
4711,sz300740
4712,sz300741
4713,sz300743
4714,sz300745
4715,sz300746
4716,sz300747
4717,sz300748
4718,sz300749
4719,sz300750
4720,sz300751
4721,sz300752
4722,sz300753
4723,sz300755
4724,sz300756
4725,sz300757
4726,sz300758
4727,sz300759
4728,sz300760
4729,sz300761
4730,sz300762
4731,sz300763
4732,sz300765
4733,sz300766
4734,sz300767
4735,sz300768
4736,sz300769
4737,sz300770
4738,sz300771
4739,sz300772
4740,sz300773
4741,sz300774
4742,sz300775
4743,sz300776
4744,sz300777
4745,sz300778
4746,sz300779
4747,sz300780
4748,sz300781
4749,sz300782
4750,sz300783
4751,sz300784
4752,sz300785
4753,sz300786
4754,sz300787
4755,sz300788
4756,sz300789
4757,sz300790
4758,sz300791
4759,sz300792
4760,sz300793
4761,sz300795
4762,sz300796
4763,sz300797
4764,sz300798
4765,sz300800
4766,sz300801
4767,sz300802
4768,sz300803
4769,sz300804
4770,sz300805
4771,sz300806
4772,sz300807
4773,sz300808
4774,sz300809
4775,sz300810
4776,sz300811
4777,sz300812
4778,sz300813
4779,sz300814
4780,sz300815
4781,sz300816
4782,sz300817
4783,sz300818
4784,sz300819
4785,sz300820
4786,sz300821
4787,sz300822
4788,sz300823
4789,sz300824
4790,sz300825
4791,sz300826
4792,sz300827
4793,sz300828
4794,sz300829
4795,sz300830
4796,sz300831
4797,sz300832
4798,sz300833
4799,sz300834
4800,sz300835
4801,sz300836
4802,sz300837
4803,sz300838
4804,sz300839
4805,sz300840
4806,sz300841
4807,sz300842
4808,sz300843
4809,sz300844
4810,sz300845
4811,sz300846
4812,sz300847
4813,sz300848
4814,sz300849
4815,sz300850
4816,sz300851
4817,sz300852
4818,sz300853
4819,sz300854
4820,sz300855
4821,sz300856
4822,sz300857
4823,sz300858
4824,sz300859
4825,sz300860
4826,sz300861
4827,sz300862
4828,sz300863
4829,sz300864
4830,sz300865
4831,sz300866
4832,sz300867
4833,sz300868
4834,sz300869
4835,sz300870
4836,sz300871
4837,sz300872
4838,sz300873
4839,sz300875
4840,sz300876
4841,sz300877
4842,sz300878
4843,sz300879
4844,sz300880
4845,sz300881
4846,sz300882
4847,sz300883
4848,sz300884
4849,sz300885
4850,sz300886
4851,sz300887
4852,sz300888
4853,sz300889
4854,sz300890
4855,sz300891
4856,sz300892
4857,sz300893
4858,sz300894
4859,sz300895
4860,sz300896
4861,sz300897
4862,sz300898
4863,sz300899
4864,sz300900
4865,sz300901
4866,sz300902
4867,sz300903
4868,sz300904
4869,sz300905
4870,sz300906
4871,sz300907
4872,sz300908
4873,sz300909
4874,sz300910
4875,sz300911
4876,sz300912
4877,sz300913
4878,sz300915
4879,sz300916
4880,sz300917
4881,sz300918
4882,sz300919
4883,sz300920
4884,sz300921
4885,sz300922
4886,sz300923
4887,sz300925
4888,sz300926
4889,sz300927
4890,sz300928
4891,sz300929
4892,sz300930
4893,sz300931
4894,sz300932
4895,sz300933
4896,sz300935
4897,sz300936
4898,sz300937
4899,sz300938
4900,sz300939
4901,sz300940
4902,sz300941
4903,sz300942
4904,sz300943
4905,sz300945
4906,sz300946
4907,sz300947
4908,sz300948
4909,sz300949
4910,sz300950
4911,sz300951
4912,sz300952
4913,sz300953
4914,sz300955
4915,sz300956
4916,sz300957
4917,sz300958
4918,sz300959
4919,sz300960
4920,sz300961
4921,sz300962
4922,sz300963
4923,sz300964
4924,sz300965
4925,sz300966
4926,sz300967
4927,sz300968
4928,sz300969
4929,sz300970
4930,sz300971
4931,sz300972
4932,sz300973
4933,sz300975
4934,sz300976
4935,sz300977
4936,sz300978
4937,sz300979
4938,sz300980
4939,sz300981
4940,sz300982
4941,sz300983
4942,sz300984
4943,sz300985
4944,sz300986
4945,sz300987
4946,sz300988
4947,sz300989
4948,sz300990
4949,sz300991
4950,sz300992
4951,sz300993
4952,sz300994
4953,sz300995
4954,sz300996
4955,sz300997
4956,sz300998
4957,sz300999
4958,sz301000
4959,sz301001
4960,sz301002
4961,sz301003
4962,sz301004
4963,sz301005
4964,sz301006
4965,sz301007
4966,sz301008
4967,sz301009
4968,sz301010
4969,sz301011
4970,sz301012
4971,sz301013
4972,sz301015
4973,sz301016
4974,sz301017
4975,sz301018
4976,sz301019
4977,sz301020
4978,sz301021
4979,sz301022
4980,sz301023
4981,sz301024
4982,sz301025
4983,sz301026
4984,sz301027
4985,sz301028
4986,sz301029
4987,sz301030
4988,sz301031
4989,sz301032
4990,sz301033
4991,sz301035
4992,sz301036
4993,sz301037
4994,sz301038
4995,sz301039
4996,sz301040
4997,sz301041
4998,sz301042
4999,sz301043
5000,sz301045
5001,sz301046
5002,sz301047
5003,sz301048
5004,sz301049
5005,sz301050
5006,sz301051
5007,sz301052
5008,sz301053
5009,sz301055
5010,sz301056
5011,sz301057
5012,sz301058
5013,sz301059
5014,sz301060
5015,sz301061
5016,sz301062
5017,sz301063
5018,sz301065
5019,sz301066
5020,sz301067
5021,sz301068
5022,sz301069
5023,sz301070
5024,sz301071
5025,sz301072
5026,sz301073
5027,sz301075
5028,sz301076
5029,sz301077
5030,sz301078
5031,sz301079
5032,sz301080
5033,sz301081
5034,sz301082
5035,sz301083
5036,sz301085
5037,sz301086
5038,sz301087
5039,sz301088
5040,sz301089
5041,sz301090
5042,sz301091
5043,sz301092
5044,sz301093
5045,sz301095
5046,sz301096
5047,sz301097
5048,sz301098
5049,sz301099
5050,sz301100
5051,sz301101
5052,sz301102
5053,sz301103
5054,sz301105
5055,sz301106
5056,sz301107
5057,sz301108
5058,sz301109
5059,sz301110
5060,sz301111
5061,sz301112
5062,sz301113
5063,sz301115
5064,sz301116
5065,sz301117
5066,sz301118
5067,sz301119
5068,sz301120
5069,sz301121
5070,sz301122
5071,sz301123
5072,sz301125
5073,sz301126
5074,sz301127
5075,sz301128
5076,sz301129
5077,sz301130
5078,sz301131
5079,sz301132
5080,sz301133
5081,sz301135
5082,sz301136
5083,sz301137
5084,sz301138
5085,sz301139
5086,sz301141
5087,sz301148
5088,sz301149
5089,sz301150
5090,sz301151
5091,sz301152
5092,sz301153
5093,sz301155
5094,sz301156
5095,sz301157
5096,sz301158
5097,sz301159
5098,sz301160
5099,sz301161
5100,sz301162
5101,sz301163
5102,sz301165
5103,sz301166
5104,sz301167
5105,sz301168
5106,sz301169
5107,sz301170
5108,sz301171
5109,sz301172
5110,sz301175
5111,sz301176
5112,sz301177
5113,sz301178
5114,sz301179
5115,sz301180
5116,sz301181
5117,sz301182
5118,sz301183
5119,sz301185
5120,sz301186
5121,sz301187
5122,sz301188
5123,sz301189
5124,sz301190
5125,sz301191
5126,sz301192
5127,sz301193
5128,sz301195
5129,sz301196
5130,sz301197
5131,sz301198
5132,sz301199
5133,sz301200
5134,sz301201
5135,sz301202
5136,sz301203
5137,sz301205
5138,sz301206
5139,sz301207
5140,sz301208
5141,sz301209
5142,sz301210
5143,sz301211
5144,sz301212
5145,sz301213
5146,sz301215
5147,sz301216
5148,sz301217
5149,sz301218
5150,sz301219
5151,sz301220
5152,sz301221
5153,sz301222
5154,sz301223
5155,sz301225
5156,sz301226
5157,sz301227
5158,sz301228
5159,sz301229
5160,sz301230
5161,sz301231
5162,sz301232
5163,sz301233
5164,sz301234
5165,sz301235
5166,sz301236
5167,sz301237
5168,sz301238
5169,sz301239
5170,sz301246
5171,sz301248
5172,sz301251
5173,sz301252
5174,sz301255
5175,sz301256
5176,sz301257
5177,sz301258
5178,sz301259
5179,sz301260
5180,sz301261
5181,sz301262
5182,sz301263
5183,sz301265
5184,sz301266
5185,sz301267
5186,sz301268
5187,sz301269
5188,sz301270
5189,sz301272
5190,sz301273
5191,sz301276
5192,sz301277
5193,sz301278
5194,sz301279
5195,sz301280
5196,sz301281
5197,sz301282
5198,sz301283
5199,sz301285
5200,sz301286
5201,sz301287
5202,sz301288
5203,sz301289
5204,sz301290
5205,sz301291
5206,sz301292
5207,sz301293
5208,sz301295
5209,sz301296
5210,sz301297
5211,sz301298
5212,sz301299
5213,sz301300
5214,sz301301
5215,sz301302
5216,sz301303
5217,sz301305
5218,sz301306
5219,sz301307
5220,sz301308
5221,sz301309
5222,sz301310
5223,sz301311
5224,sz301312
5225,sz301313
5226,sz301314
5227,sz301315
5228,sz301316
5229,sz301317
5230,sz301318
5231,sz301319
5232,sz301320
5233,sz301321
5234,sz301322
5235,sz301323
5236,sz301325
5237,sz301326
5238,sz301327
5239,sz301328
5240,sz301329
5241,sz301330
5242,sz301331
5243,sz301332
5244,sz301333
5245,sz301335
5246,sz301336
5247,sz301337
5248,sz301338
5249,sz301339
5250,sz301345
5251,sz301348
5252,sz301349
5253,sz301353
5254,sz301355
5255,sz301356
5256,sz301357
5257,sz301358
5258,sz301359
5259,sz301360
5260,sz301361
5261,sz301362
5262,sz301363
5263,sz301365
5264,sz301366
5265,sz301367
5266,sz301368
5267,sz301369
5268,sz301370
5269,sz301371
5270,sz301372
5271,sz301373
5272,sz301376
5273,sz301377
5274,sz301378
5275,sz301379
5276,sz301380
5277,sz301381
5278,sz301382
5279,sz301383
5280,sz301386
5281,sz301387
5282,sz301388
5283,sz301389
5284,sz301390
5285,sz301391
5286,sz301392
5287,sz301393
5288,sz301395
5289,sz301396
5290,sz301397
5291,sz301398
5292,sz301399
5293,sz301408
5294,sz301413
5295,sz301418
5296,sz301419
5297,sz301421
5298,sz301428
5299,sz301429
5300,sz301439
5301,sz301446
5302,sz301448
5303,sz301456
5304,sz301459
5305,sz301468
5306,sz301469
5307,sz301486
5308,sz301487
5309,sz301488
5310,sz301489
5311,sz301498
5312,sz301499
5313,sz301500
5314,sz301502
5315,sz301503
5316,sz301505
5317,sz301507
5318,sz301508
5319,sz301509
5320,sz301510
5321,sz301511
5322,sz301512
5323,sz301515
5324,sz301516
5325,sz301517
5326,sz301518
5327,sz301519
5328,sz301520
5329,sz301522
5330,sz301525
5331,sz301526
5332,sz301528
5333,sz301529
5334,sz301533
5335,sz301536
5336,sz301538
5337,sz301539
5338,sz301548
5339,sz301550
5340,sz301551
5341,sz301552
5342,sz301555
5343,sz301556
5344,sz301558
5345,sz301559
5346,sz301565
5347,sz301566
5348,sz301567
5349,sz301568
5350,sz301571
5351,sz301577
5352,sz301578
5353,sz301580
5354,sz301586
5355,sz301587
5356,sz301588
5357,sz301589
5358,sz301591
5359,sz301592
5360,sz301596
5361,sz301600
5362,sz301603
5363,sz301606
5364,sz301607
5365,sz301608
5366,sz301611
5367,sz301613
5368,sz301617
5369,sz301618
5370,sz301622
5371,sz301626
5372,sz301628
5373,sz301631
5374,sz301633
