,date,tic,open,high,low,close,volume,day,macd,boll_ub,boll_lb,rsi_30,cci_30,dx_30,close_30_sma,close_60_sma,turbulence,consumer_confidence_usa,consumer_confidence_cn,cpi_cn,news_sentiment_scope,vix,type
0,2022-06-30,IT,241.8300018310547,241.8300018310547,243.88999938964844,237.33999633789062,533200.0,3.0,0.0,241.9532580332692,235.13673830462142,100.0,66.66666666666666,100.0,237.33999633789062,237.33999633789062,0.0,98.7,88.9,-0.2,1.1469478006205094,29.420000076293945,1
1,2022-07-01,IT,244.27999877929688,244.27999877929688,245.4600067138672,239.75,319200.0,4.0,0.05407059498321587,241.9532580332692,235.13673830462142,100.0,66.66666666666666,100.0,238.5449981689453,238.5449981689453,0.0,95.7,87.9,0.0,1.1335391548008005,29.530000686645508,1
2,2022-07-05,IT,241.2100067138672,241.2100067138672,241.69000244140625,239.49000549316406,366700.0,1.0,0.0608342562102564,241.50553195745056,236.21446926325257,89.96030237133034,-57.42774911977141,24.38282792260307,238.86000061035156,238.86000061035156,0.0,95.7,87.9,0.0,1.1335391548008005,27.3700008392334,1
3,2022-07-06,IT,241.77000427246094,241.77000427246094,244.08999633789062,242.94000244140625,349300.0,2.0,0.1869804345394641,244.49652635022932,235.26347578600115,95.77836904685569,59.50153023673332,13.203908173541794,239.88000106811523,239.88000106811523,0.0,95.7,87.9,0.0,1.1335391548008005,27.84000015258789,1
4,2022-07-07,IT,245.02000427246094,245.02000427246094,246.1199951171875,243.35000610351562,367600.0,3.0,0.2679049614925759,245.63532376195482,235.51268038843583,96.05913346596125,115.89787699902543,27.320235511443318,240.57400207519532,240.57400207519532,0.0,95.7,87.9,0.0,1.1335391548008005,26.729999542236328,1
5,2022-07-08,IT,242.6300048828125,242.6300048828125,244.8000030517578,244.02000427246094,307000.0,4.0,0.34016536823483534,246.47845796244437,235.81821358703482,96.4574158647671,57.06580781618014,10.193995976241263,241.1483357747396,241.1483357747396,0.0,95.7,87.9,0.0,1.1335391548008005,26.40999984741211,1
6,2022-07-11,IT,244.3699951171875,244.3699951171875,245.77999877929688,240.4499969482422,439400.0,0.0,0.21892009326114703,245.94283926291553,236.15430690756438,61.9476010769481,39.412441073763794,24.50366630473284,241.04857308523995,241.04857308523995,0.0,95.7,87.9,0.0,1.1335391548008005,26.420000076293945,1
7,2022-07-12,IT,237.75,237.75,248.0800018310547,242.7899932861328,376700.0,1.0,0.24539124794571876,245.96179490580423,236.5707063148989,69.37659235724996,0.16967177496136512,24.50366630473284,241.26625061035156,241.26625061035156,0.0,95.7,87.9,0.0,1.1335391548008005,27.139999389648438,1
8,2022-07-13,IT,238.27000427246094,238.27000427246094,240.32000732421875,233.5399932861328,260900.0,2.0,-0.19893787806171304,247.17706509449118,233.63849005416336,38.577745234106544,-193.08834057431625,31.290092069349207,240.40777757432727,240.40777757432727,0.0,95.7,87.9,0.0,1.1335391548008005,27.350000381469727,1
9,2022-07-14,IT,235.8000030517578,235.8000030517578,236.3000030517578,234.49000549316406,332700.0,3.0,-0.462304212848494,247.214634799535,232.4173659328869,41.34431919781766,-173.6720274130394,44.95105401665507,239.81600036621094,239.81600036621094,0.0,95.7,87.9,0.0,1.1335391548008005,27.469999313354492,1
10,2022-07-15,IT,240.69000244140625,240.69000244140625,241.64999389648438,239.24000549316406,338900.0,4.0,-0.3930745042345052,246.79118698235564,232.73608740951224,52.42741240517463,-28.969199627682645,15.175055649459706,239.76363719593394,239.76363719593394,0.0,95.7,87.9,0.0,1.1335391548008005,26.719999313354492,1
11,2022-07-18,IT,238.77000427246094,238.77000427246094,244.94000244140625,243.27999877929688,254000.0,0.0,-0.1150503371243019,247.0579799032041,233.0553547525576,59.208921979197584,24.5071581955179,15.17505564945972,240.05666732788086,240.05666732788086,0.0,95.7,87.9,0.0,1.1335391548008005,24.829999923706055,1
12,2022-07-19,IT,247.57000732421875,247.57000732421875,248.16000366210938,241.11000061035156,387200.0,1.0,-0.029913119697084767,246.86635560803208,233.4090303219559,54.86328546728091,114.86019372307669,19.028903798719384,240.137692964994,240.137692964994,0.0,95.7,87.9,0.0,1.1335391548008005,25.1200008392334,1
13,2022-07-20,IT,253.47000122070312,253.47000122070312,253.92999267578125,247.8699951171875,368600.0,2.0,0.4259851285513321,248.3629816812443,233.01701884191417,63.49711815625111,239.39452605476592,33.23835801779027,240.69000026157923,240.69000026157923,0.0,95.7,87.9,0.0,1.1335391548008005,24.229999542236328,1
14,2022-07-21,IT,256.8299865722656,256.8299865722656,257.6499938964844,253.17999267578125,280300.0,3.0,1.079469565165141,251.33435783109198,231.7109750139601,68.4076335609923,252.0267003378701,39.68216657742024,241.52266642252604,241.52266642252604,0.0,95.7,87.9,0.0,1.1335391548008005,24.06999969482422,1
15,2022-07-22,IT,253.74000549316406,253.74000549316406,258.4200134277344,257.20001220703125,398800.0,4.0,1.8055746197306348,254.80274965574347,230.20225141237177,71.41881706970085,195.8761217889601,39.682166577420254,242.50250053405762,242.50250053405762,0.0,95.7,87.9,0.0,1.1335391548008005,23.299999237060547,1
16,2022-07-25,IT,251.9600067138672,251.9600067138672,254.41000366210938,254.41000366210938,567100.0,0.0,2.164265481661431,256.43933684143764,229.96654694762483,66.8445482376035,126.80950971224763,23.434611676282834,243.20294189453125,243.20294189453125,0.0,95.7,87.9,0.0,1.1335391548008005,24.329999923706055,1
17,2022-07-26,IT,250.25999450683594,250.25999450683594,251.22999572753906,251.02000427246094,290100.0,1.0,2.198656706143794,256.996690064545,230.27775621095415,61.86413561860133,78.88070405976421,12.355896687110718,243.63722313774957,243.63722313774957,0.0,95.7,87.9,0.0,1.1335391548008005,23.950000762939453,1
18,2022-07-27,IT,260.8500061035156,260.8500061035156,262.4200134277344,252.9199981689453,496400.0,2.0,2.320226310848909,257.78965108795904,230.46192940135018,63.44335165712122,156.53955848182457,33.57829207011774,244.1257902446546,244.1257902446546,0.0,95.7,87.9,0.0,1.1335391548008005,24.270000457763672,1
19,2022-07-28,IT,264.989990234375,264.989990234375,267.5199890136719,262.2200012207031,318200.0,3.0,2.992141659263126,260.598249956098,229.4627516308161,69.7799631800451,187.2444931927237,39.68188290164471,245.03050079345704,245.03050079345704,0.0,95.7,87.9,0.0,1.1335391548008005,23.329999923706055,1
20,2022-07-29,IT,265.4800109863281,265.4800109863281,267.1000061035156,264.20001220703125,427900.0,4.0,3.6064157624270194,263.6845181759101,229.06248499791803,70.89123982084165,164.61644481704892,40.375120927029826,245.9433346702939,245.9433346702939,0.0,95.7,87.9,0.0,1.1335391548008005,22.1299991607666,1
21,2022-08-01,IT,269.1000061035156,269.1000061035156,269.3399963378906,262.05999755859375,575500.0,0.0,3.8954773275307275,265.84654536621287,229.13145756347458,68.09165587179369,153.2614629369544,45.33636210448274,246.67591025612572,246.67591025612572,0.0,103.2,87.0,0.5,1.0950811915514294,22.40999984741211,1
22,2022-08-02,IT,289.69000244140625,289.69000244140625,289.70001220703125,286.2900085449219,919800.0,1.0,5.719614489931843,274.6770426734264,224.9809605614369,78.18311216645682,266.7370859743224,63.7006377780211,248.3982623556386,248.3982623556386,0.0,103.2,87.0,0.5,1.0950811915514294,24.079999923706055,1
23,2022-08-03,IT,288.260009765625,288.260009765625,295.3999938964844,294.8800048828125,606100.0,2.0,7.659407273053091,284.1485350836534,220.70346839535046,80.45060312606874,242.32309073999798,63.700637778021104,250.33500162760416,250.33500162760416,0.0,103.2,87.0,0.5,1.0950811915514294,23.860000610351562,1
24,2022-08-04,IT,293.2699890136719,293.2699890136719,293.510009765625,289.05999755859375,420700.0,3.0,8.673275580215659,290.0600563050072,219.3629463195045,74.98801528176902,201.08555252812445,66.80161959125135,251.88400146484375,251.88400146484375,0.0,103.2,87.0,0.5,1.0950811915514294,22.059999465942383,1
25,2022-08-05,IT,295.44000244140625,295.44000244140625,295.6099853515625,289.95001220703125,281300.0,4.0,9.423370513448504,295.27902379604603,218.73697962192267,75.25382695874771,181.90098428151498,68.06478509772448,253.34807880108173,253.34807880108173,0.0,103.2,87.0,0.5,1.0950811915514294,21.5,1
26,2022-08-08,IT,295.7200012207031,295.7200012207031,300.8800048828125,295.6300048828125,584900.0,0.0,10.30029617827671,300.8636476821412,218.67035652928456,76.87622884068841,174.6000012615987,68.23150880643128,254.91407606336804,254.91407606336804,0.0,103.2,87.0,0.5,1.0950811915514294,21.739999771118164,1
27,2022-08-09,IT,293.7300109863281,293.7300109863281,295.9599914550781,292.0400085449219,516000.0,1.0,10.607305734574027,304.9143645627983,219.54464117450632,73.71625737970442,143.23139196636023,53.207639820147335,256.2400022234236,256.2400022234236,0.0,103.2,87.0,0.5,1.0950811915514294,21.40999984741211,1
28,2022-08-10,IT,300.3999938964844,300.3999938964844,302.0,301.1000061035156,429000.0,2.0,11.376592846618678,309.41112756010136,221.80387945894165,76.26347240527974,154.04636124592892,58.569513845739806,257.78689890894395,257.78689890894395,0.0,103.2,87.0,0.5,1.0950811915514294,22.280000686645508,1
29,2022-08-11,IT,299.5899963378906,299.5899963378906,303.3500061035156,303.3500061035156,395000.0,3.0,12.008522821549093,313.37754379619906,224.72346328387908,76.84009657268211,142.76215219893257,58.56951384573982,259.305669148763,259.305669148763,0.0,103.2,87.0,0.5,1.0950811915514294,19.84000015258789,1
30,2022-08-12,IT,307.989990234375,307.989990234375,308.1000061035156,301.44000244140625,413200.0,4.0,12.223254528343716,316.409042415725,227.91196435917732,75.23511090649777,139.1365490999545,64.43432870074089,261.4423360188802,260.6648411904612,0.0,103.2,87.0,0.5,1.0950811915514294,20.34000015258789,1
31,2022-08-15,IT,314.4599914550781,314.4599914550781,315.95001220703125,306.42999267578125,577400.0,0.0,12.61694824340077,319.90051320582813,230.7354929587226,76.55841305572625,143.39115723781555,68.14690204586206,263.6650024414063,262.09500217437744,0.0,103.2,87.0,0.5,1.0950811915514294,20.739999771118164,1
32,2022-08-16,IT,315.7900085449219,315.7900085449219,317.6300048828125,311.5400085449219,631900.0,1.0,13.157314445471286,323.1706210711183,234.50838588688944,77.81427545278514,135.45757272535772,68.86117275144026,266.0666692097982,263.59333570075756,0.0,103.2,87.0,0.5,1.0950811915514294,20.229999542236328,1
33,2022-08-17,IT,314.04998779296875,314.04998779296875,317.2699890136719,310.44000244140625,464500.0,2.0,13.346080350603586,325.92649798579555,238.00950970463418,76.89687313886745,119.5219533373809,67.77259288642577,268.3166692097982,264.97117884018843,0.0,103.2,87.0,0.5,1.0950811915514294,19.739999771118164,1
34,2022-08-18,IT,314.989990234375,314.989990234375,315.2699890136719,313.2900085449219,301700.0,3.0,13.553193120700882,328.8640777176087,241.08293155973507,77.60454889869915,110.54760708776799,61.58662099291325,270.6480026245117,266.35171683175224,0.0,103.2,87.0,0.5,1.0950811915514294,20.510000228881836,1
35,2022-08-19,IT,307.9800109863281,307.9800109863281,312.42999267578125,312.42999267578125,356600.0,4.0,13.494476096849098,331.21589054852905,244.25411677568968,76.86952462090584,93.493004494358,53.022296355360766,272.92833557128904,267.6316689385308,0.0,103.2,87.0,0.5,1.0950811915514294,20.15999984741211,1
36,2022-08-22,IT,303.57000732421875,303.57000732421875,306.4200134277344,303.0,526200.0,0.0,12.581040030466738,331.1643901079376,249.1646168500702,69.4122711159332,71.2619528007128,36.639673757930794,275.0133356730143,268.58756977803,0.0,103.2,87.0,0.5,1.0950811915514294,22.40999984741211,1
37,2022-08-23,IT,302.04998779296875,302.04998779296875,305.4100036621094,303.32000732421875,308000.0,1.0,11.745931436007652,329.7395582834096,255.819448979774,69.5160878191214,65.05104753415772,34.061285075671265,277.0310028076172,269.5015812924034,0.0,103.2,87.0,0.5,1.0950811915514294,24.1299991607666,1
38,2022-08-24,IT,301.07000732421875,301.07000732421875,303.9599914550781,302.1499938964844,378800.0,2.0,10.868380223384634,327.2494334834555,263.23257335248195,68.63499874549814,58.22409433557122,30.28828580459595,279.31800282796223,270.3387200771234,0.0,103.2,87.0,0.5,1.0950811915514294,24.3700008392334,1
39,2022-08-25,IT,305.0400085449219,305.0400085449219,306.489990234375,302.70001220703125,413500.0,3.0,10.098772211903452,325.36213526495305,269.1678726696173,68.8271400343722,61.341257713154086,35.59341870972119,281.5916697184245,271.1477523803711,0.0,103.2,87.0,0.5,1.0950811915514294,22.40999984741211,1
40,2022-08-26,IT,294.95001220703125,294.95001220703125,304.9800109863281,304.9800109863281,413200.0,4.0,9.555207041455049,322.8477324361628,275.7602753763372,69.62508186012536,49.46477341149047,31.52393481637216,283.78300323486326,271.9729294195408,0.0,103.2,87.0,0.5,1.0950811915514294,22.06999969482422,1
41,2022-08-29,IT,290.8999938964844,290.8999938964844,294.6000061035156,291.1099853515625,442200.0,0.0,7.95396208536431,317.11299126592894,284.4000153258679,59.9654306630953,16.939873986380174,7.758644770856188,285.3773361206055,272.42857360839844,0.0,103.2,87.0,0.5,1.0950811915514294,26.860000610351562,1
42,2022-08-30,IT,289.1499938964844,289.1499938964844,294.7300109863281,293.1199951171875,435300.0,1.0,6.764068877823377,316.43625319273735,285.75975205628606,60.78113893012639,13.416398666584422,7.758644770856185,287.1110026041667,272.90976945744006,0.0,103.2,87.0,0.5,1.0950811915514294,25.75,1
43,2022-08-31,IT,285.32000732421875,285.32000732421875,292.6700134277344,290.6000061035156,489700.0,2.0,5.56017229634881,316.6995359255145,285.06846944557924,59.21631732185983,-1.5835930280707864,3.5168850797623614,288.53533630371095,273.3118202903054,0.0,103.2,87.0,0.5,1.0950811915514294,25.860000610351562,1
44,2022-09-01,IT,291.5400085449219,291.5400085449219,291.55999755859375,283.95001220703125,625200.0,3.0,4.0386955443768215,317.38540317001787,283.8716036659197,55.32778978766626,-8.889112494588332,14.39337530965801,289.5610036214193,273.5482245551215,0.0,108.0,87.2,-0.1,1.1022798247613679,26.8799991607666,1
45,2022-09-02,IT,288.9200134277344,288.9200134277344,295.44000244140625,294.6000061035156,407100.0,4.0,3.6277805137334553,317.1155668919613,284.6064393336246,59.71090298047766,3.6528981117560333,14.393375309658005,290.8076700846354,274.0058719800866,0.0,108.0,87.2,-0.1,1.1022798247613679,25.510000228881836,1
46,2022-09-06,IT,290.4200134277344,290.4200134277344,293.1400146484375,290.75,385700.0,1.0,2.964989986815624,317.34189655204995,283.8921091852547,57.5974911756134,-11.416127218268253,9.192313915312527,292.0190032958984,274.3621300230635,0.0,108.0,87.2,-0.1,1.1022798247613679,25.459999084472656,1
47,2022-09-07,IT,296.75,296.75,297.45001220703125,290.30999755859375,235200.0,2.0,2.3777128645126595,317.45883239742915,283.6021722412427,57.3574766906131,-0.853601399306031,19.90585042396394,293.3286697387695,274.694377263387,0.0,108.0,87.2,-0.1,1.1022798247613679,26.93000030517578,1
48,2022-09-08,IT,298.55999755859375,298.55999755859375,298.8500061035156,295.0,279200.0,3.0,2.2567173601423747,317.3295263111802,283.1214777171401,59.23077763747975,8.406859072024629,22.693667111081435,294.73133646647136,275.10877772739957,0.0,108.0,87.2,-0.1,1.1022798247613679,24.700000762939453,1
49,2022-09-09,IT,306.1400146484375,306.1400146484375,306.8500061035156,300.7699890136719,369900.0,4.0,2.587333650078051,317.14011357547406,283.0528887438619,61.38949278171456,53.50464475050828,33.11551433017612,296.01633605957034,275.622001953125,0.0,108.0,87.2,-0.1,1.1022798247613679,23.489999771118164,1
50,2022-09-12,IT,311.32000732421875,311.32000732421875,311.54998779296875,307.07000732421875,413000.0,0.0,3.3100735902145857,317.69876706477487,283.0572357428423,63.56836449620361,90.1785783584268,39.111839053451824,297.4453358968099,276.23862950942095,0.0,108.0,87.2,-0.1,1.1022798247613679,23.579999923706055,1
51,2022-09-13,IT,302.7200012207031,302.7200012207031,305.8299865722656,301.1199951171875,948400.0,1.0,3.3717506681730356,317.20393697574866,283.0210660760091,60.24667858022043,27.829944943661182,25.79908508280877,298.74733581542966,276.7171173095703,0.0,108.0,87.2,-0.1,1.1022798247613679,23.670000076293945,1
52,2022-09-14,IT,302.0799865722656,302.0799865722656,309.25,303.9599914550781,814500.0,2.0,3.6045322434155764,316.0778154169325,283.38918592584093,61.24656553996833,42.14505174258245,25.799085082808766,299.3363352457682,277.2311338028818,0.0,108.0,87.2,-0.1,1.1022798247613679,26.729999542236328,1
53,2022-09-15,IT,302.54998779296875,302.54998779296875,306.69000244140625,299.5400085449219,1420200.0,3.0,3.398235549773233,314.7371799327098,283.63982202041524,58.86290059123504,18.09140566059349,19.92958689006278,299.4916687011719,277.64426111291954,0.0,108.0,87.2,-0.1,1.1022798247613679,26.100000381469727,1
54,2022-09-16,IT,300.0799865722656,300.0799865722656,300.7699890136719,300.20001220703125,1848000.0,4.0,3.2497704374507634,312.6162405984184,284.45176172091755,59.10873520154409,-11.862278913078262,7.527625300021404,299.8630025227865,278.05436567826706,0.0,108.0,87.2,-0.1,1.1022798247613679,27.469999313354492,1
55,2022-09-19,IT,302.8999938964844,302.8999938964844,303.1199951171875,296.2799987792969,466500.0,0.0,2.7875594975243416,310.2157457007193,285.2372572289682,57.01527341788886,-10.361683869640991,12.15335715372276,300.0740020751953,278.379823412214,0.0,108.0,87.2,-0.1,1.1022798247613679,27.690000534057617,1
56,2022-09-20,IT,291.0400085449219,291.0400085449219,300.6700134277344,300.45001220703125,635100.0,1.0,2.7224709516020766,309.91239576359493,285.2856083867957,58.62775804242599,-48.528898532238635,7.174428337461261,300.2346689860026,278.7670197068599,0.0,108.0,87.2,-0.1,1.1022798247613679,25.649999618530273,1
57,2022-09-21,IT,287.6000061035156,287.6000061035156,296.17999267578125,292.82000732421875,284100.0,2.0,2.0382572920620987,309.2550036273685,284.8930005230221,54.740855820341956,-105.37136358432859,1.4008098612633992,300.2606689453125,279.00931259681437,0.0,108.0,87.2,-0.1,1.1022798247613679,28.030000686645508,1
58,2022-09-22,IT,280.1000061035156,280.1000061035156,287.0899963378906,286.3299865722656,667100.0,3.0,0.9664126751900426,309.1134288581047,283.45257455986405,51.723459081767835,-167.48896306500592,15.953797717164436,299.7683349609375,279.1333918167373,0.0,108.0,87.2,-0.1,1.1022798247613679,28.15999984741211,1
59,2022-09-23,IT,276.05999755859375,276.05999755859375,279.0400085449219,276.95001220703125,326900.0,4.0,-0.6256640866624252,310.08385673974465,279.9071466782241,47.785293985333574,-204.98764841123338,26.257470521111202,298.888335164388,279.0970021565755,0.0,108.0,87.2,-0.1,1.1022798247613679,27.68000030517578,1
60,2022-09-26,IT,274.75,274.75,279.4700012207031,276.6000061035156,410100.0,0.0,-1.8934103702193283,309.990938451144,277.1620644785435,47.64526326862429,-182.4244027327484,26.257470521111188,298.0603352864583,279.7513356526693,0.0,108.0,87.2,-0.1,1.1022798247613679,31.739999771118164,1
61,2022-09-27,IT,274.9599914550781,274.9599914550781,279.8900146484375,278.4800109863281,292600.0,1.0,-2.7161519968404377,310.67784342440683,275.2121620687572,48.48409908370927,-159.17871258285678,25.797763983923637,297.1286692301432,280.39683583577477,0.0,108.0,87.2,-0.1,1.1022798247613679,31.200000762939453,1
62,2022-09-28,IT,281.3900146484375,281.3900146484375,282.739990234375,277.0299987792969,367900.0,2.0,-3.4445225640652097,311.24667229838576,273.03433356098924,47.8721158199901,-128.400138748231,12.40186882861413,295.97833557128905,281.0225023905436,0.0,108.0,87.2,-0.1,1.1022798247613679,34.5,1
63,2022-09-29,IT,278.6700134277344,278.6700134277344,279.92999267578125,277.7300109863281,438300.0,3.0,-3.920368592579223,311.65936739193944,271.33463895571685,48.198657365185944,-129.98120165810312,16.553001714589726,294.88800252278645,281.6023358662923,0.0,108.0,87.2,-0.1,1.1022798247613679,31.670000076293945,1
64,2022-09-30,IT,276.69000244140625,276.69000244140625,282.9599914550781,278.8800048828125,505800.0,4.0,-4.157264430193777,311.92617160676355,270.5608340084708,48.744319140222665,-116.37545470296021,16.553001714589733,293.7410024007161,282.19450251261395,0.0,108.0,87.2,-0.1,1.1022798247613679,31.610000610351562,1
65,2022-10-03,IT,284.3599853515625,284.3599853515625,285.989990234375,279.6000061035156,333300.0,0.0,-4.238327734946154,311.74376916996096,269.2432364452734,49.091641357049326,-81.57623155279725,1.5442980584621262,292.64666951497395,282.7875025431315,0.0,102.5,86.8,0.3,1.0901377685545413,33.0,1
66,2022-10-04,IT,294.8500061035156,294.8500061035156,297.2799987792969,292.69000244140625,387100.0,1.0,-3.2148684541159582,311.86339789805936,269.3176079613156,54.846228104975886,12.483384996542844,14.543932156609376,292.3030029296875,283.65816930135094,0.0,102.5,86.8,0.3,1.0901377685545413,29.520000457763672,1
67,2022-10-05,IT,299.7799987792969,299.7799987792969,301.44000244140625,292.0199890136719,413300.0,2.0,-2.4295844582885593,311.9578941390583,269.39411086582453,54.51990533591754,37.82012004130808,20.844335484281682,291.92633565266925,284.4786692301432,0.0,102.5,86.8,0.3,1.0901377685545413,29.360000610351562,1
68,2022-10-06,IT,300.760009765625,300.760009765625,305.25,299.6000061035156,427900.0,3.0,-1.1847662104160577,312.4820505085227,269.3299551067117,57.48062583590749,72.51177088068948,22.065304535512738,291.8413360595703,285.57966944376625,0.0,102.5,86.8,0.3,1.0901377685545413,28.600000381469727,1
69,2022-10-07,IT,294.010009765625,294.010009765625,297.6400146484375,297.5400085449219,360500.0,4.0,-0.3596580988541973,312.05641240437427,269.4325951639851,56.447529625087014,30.123744984092276,8.21026725823991,291.6693359375,286.63050282796223,0.0,102.5,86.8,0.3,1.0901377685545413,30.3700008392334,1
70,2022-10-10,IT,289.8800048828125,289.8800048828125,296.1400146484375,294.3800048828125,359600.0,0.0,0.03977331292139752,310.08936605235135,270.1306412718674,54.88223810882341,7.365061002502645,5.682769496918355,291.3160024007162,287.5495028177897,0.0,102.5,86.8,0.3,1.0901377685545413,32.93000030517578,1
71,2022-10-11,IT,289.239990234375,289.239990234375,292.5799865722656,289.1499938964844,329300.0,1.0,-0.06343899815726672,308.80763649792243,270.21537070422596,52.39466621468086,-20.027898142159675,0.22944983177007844,291.25066935221355,288.3140027364095,0.0,102.5,86.8,0.3,1.0901377685545413,33.560001373291016,1
72,2022-10-12,IT,288.260009765625,288.260009765625,291.3900146484375,290.8599853515625,317200.0,2.0,-0.007627087580999614,306.93875764673373,270.77424894506316,53.11346374109697,-20.538071493526424,2.184690281272507,291.1753356933594,289.14316914876304,0.0,102.5,86.8,0.3,1.0901377685545413,33.540000915527344,1
73,2022-10-13,IT,289.54998779296875,289.54998779296875,292.29998779296875,280.1099853515625,417000.0,3.0,-0.8186851459670379,305.6352319827446,270.13477228971635,48.364334819282945,-44.456281687141455,0.08434188957608324,290.82566833496094,289.6805023193359,0.0,102.5,86.8,0.3,1.0901377685545413,33.599998474121094,1
74,2022-10-14,IT,278.3299865722656,278.3299865722656,294.7200012207031,293.3500061035156,403100.0,4.0,-0.3916424229337281,304.5406212270782,270.54438243503114,53.64522646790744,-31.49945070709097,0.08434188957608378,291.1390014648438,290.3500025431315,0.0,102.5,86.8,0.3,1.0901377685545413,31.889999389648438,1
75,2022-10-17,IT,285.6099853515625,285.6099853515625,290.2699890136719,283.04998779296875,521000.0,0.0,-0.8720646060438639,303.47227019158123,270.28973237189535,49.56568648320795,-49.97937999830916,12.599721388222676,290.7540008544922,290.7808354695638,0.0,102.5,86.8,0.3,1.0901377685545413,32.27000045776367,1
76,2022-10-18,IT,290.04998779296875,290.04998779296875,296.239990234375,293.8399963378906,515100.0,1.0,-0.37990265685021996,302.24266016920564,270.8583408073569,53.40559542722505,9.368918751090895,19.198246218587325,290.85700073242185,291.43800201416013,0.0,102.5,86.8,0.3,1.0901377685545413,31.100000381469727,1
77,2022-10-19,IT,286.2699890136719,286.2699890136719,289.1600036621094,288.32000732421875,416900.0,2.0,-0.4293162504670818,301.7661873210535,270.884813655509,51.337048443556064,-34.60237111796723,5.607543856017949,290.79066772460936,292.05966873168944,0.0,102.5,86.8,0.3,1.0901377685545413,30.940000534057617,1
78,2022-10-20,IT,280.54998779296875,280.54998779296875,289.0799865722656,287.760009765625,368600.0,3.0,-0.5077125301581304,301.85101421016236,270.94298908573603,51.129213333360234,-48.96240152235858,5.462271436065486,290.54933471679686,292.64033559163414,0.0,102.5,86.8,0.3,1.0901377685545413,31.299999237060547,1
79,2022-10-21,IT,289.75,289.75,290.1700134277344,279.19000244140625,468500.0,4.0,-1.2456462267276152,301.70505497948886,271.312947339847,48.049600520778974,-40.593751429092585,19.134002963371874,289.8300018310547,292.9231689453125,0.0,102.5,86.8,0.3,1.0901377685545413,30.209999084472656,1
80,2022-10-24,IT,294.2699890136719,294.2699890136719,294.2799987792969,290.94000244140625,509200.0,0.0,-0.8739725284688689,301.79369457819985,272.65830737492513,52.13838558076973,25.252910021271216,24.84227491988371,289.2923350016276,293.36883544921875,0.0,102.5,86.8,0.3,1.0901377685545413,30.649999618530273,1
81,2022-10-25,IT,298.92999267578125,298.92999267578125,299.8599853515625,293.9100036621094,589700.0,1.0,-0.33629581784293805,302.24577568549495,273.74922553520815,53.10351967319777,70.4943524725345,30.267137926491955,289.052001953125,293.89966888427733,0.0,102.5,86.8,0.3,1.0901377685545413,29.799999237060547,1
82,2022-10-26,IT,292.92999267578125,292.92999267578125,301.92999267578125,296.80999755859375,542200.0,2.0,0.3197626498658792,302.7676850213166,275.20531607731624,54.039673319102036,72.3749848179926,30.267137926491937,288.8136688232422,294.0750020345052,0.0,102.5,86.8,0.3,1.0901377685545413,28.440000534057617,1
83,2022-10-27,IT,292.07000732421875,292.07000732421875,297.6300048828125,294.75,602300.0,3.0,0.6660214046910369,302.76767957484094,276.907320425159,53.25842679872534,52.890055895496346,21.054097040364866,288.6540018717448,294.0728352864583,0.0,102.5,86.8,0.3,1.0901377685545413,27.510000228881836,1
84,2022-10-28,IT,302.010009765625,302.010009765625,302.5,292.4599914550781,426400.0,4.0,0.7472763325156393,302.4084717970467,278.6245268601799,52.387470302585584,97.67519729466719,32.79847961802231,288.396001180013,294.12950185139977,0.0,102.5,86.8,0.3,1.0901377685545413,27.43000030517578,1
85,2022-10-31,IT,301.9200134277344,301.9200134277344,304.07000732421875,300.8500061035156,495400.0,0.0,1.4708776110656459,303.15732487417927,280.0006737830473,55.166297903479936,130.82171286332246,32.79847961802232,288.548334757487,294.31116841634116,0.0,102.5,86.8,0.3,1.0901377685545413,26.90999984741211,1
86,2022-11-01,IT,325.0,325.0,327.989990234375,314.44000244140625,1346600.0,1.0,3.103885076958818,308.1210964439822,277.21190221324434,59.16025375325208,294.9252407465886,51.816816533130414,289.01466776529946,294.624668375651,0.0,100.2,85.5,0.1,1.0864034790908477,25.959999084472656,1
87,2022-11-02,IT,318.510009765625,318.510009765625,330.3999938964844,326.5,789300.0,2.0,5.308939085436521,316.0060690777586,272.7749306781008,62.2476592909486,266.1240015753242,51.816816533130414,290.1373341878255,295.199001566569,0.0,100.2,85.5,0.1,1.0864034790908477,26.040000915527344,1
88,2022-11-03,IT,319.29998779296875,319.29998779296875,322.6700134277344,317.29998779296875,516700.0,3.0,6.242831335098742,319.12324922605956,271.4277486987452,58.74311116464763,197.55026589572122,36.98061307933788,291.16966756184894,295.4690012613932,0.0,100.2,85.5,0.1,1.0864034790908477,25.979999542236328,1
89,2022-11-04,IT,319.5,319.5,323.4700012207031,323.4700012207031,588700.0,4.0,7.395096751815686,323.55183860572475,269.59215858665806,60.29401867644351,192.16576796333692,37.150494766117056,292.7203338623047,295.80433451334636,0.0,100.2,85.5,0.1,1.0864034790908477,25.6299991607666,1
90,2022-11-07,IT,319.67999267578125,319.67999267578125,321.8299865722656,319.510009765625,383600.0,0.0,7.897942574142405,326.6559439346538,269.00105374601026,58.82580686433019,161.19299537424334,33.98470168730327,294.1506673177083,296.1055013020833,0.0,100.2,85.5,0.1,1.0864034790908477,25.670000076293945,1
91,2022-11-08,IT,327.2200012207031,327.2200012207031,329.6199951171875,319.8999938964844,414100.0,1.0,8.232975134905075,329.49522534574066,269.23677233492344,58.92769871792004,173.47634280516002,40.710595991753905,295.5313334147135,296.33000132242836,0.0,100.2,85.5,0.1,1.0864034790908477,24.709999084472656,1
92,2022-11-09,IT,323.7300109863281,323.7300109863281,329.42999267578125,324.9700012207031,359400.0,2.0,8.805780788154152,332.9823850555738,269.16061421200436,60.25060711679791,154.6533161461627,40.325478699187556,297.12933349609375,296.55383453369143,0.0,100.2,85.5,0.1,1.0864034790908477,25.34000015258789,1
93,2022-11-10,IT,340.8999938964844,340.8999938964844,341.7699890136719,335.07000732421875,493600.0,3.0,9.959353148166315,337.54417585729396,270.0948256075498,62.72481854874331,195.99758705178834,52.80360601691255,299.04066670735676,296.9643346150716,0.0,100.2,85.5,0.1,1.0864034790908477,26.510000228881836,1
94,2022-11-11,IT,335.260009765625,335.260009765625,346.3500061035156,343.0,543500.0,4.0,11.381833029733343,343.87207598773006,268.7319248667621,64.51864692361048,179.06116025651312,52.80360601691254,301.17799987792966,297.4595011393229,0.0,100.2,85.5,0.1,1.0864034790908477,23.889999389648438,1
95,2022-11-14,IT,334.3800048828125,334.3800048828125,340.69000244140625,333.010009765625,359700.0,0.0,11.57011908311847,346.50393605516473,271.09606699659304,60.71110416582004,135.5525710015908,41.64676200702219,302.9583333333333,297.80250142415366,0.0,100.2,85.5,0.1,1.0864034790908477,23.989999771118164,1
96,2022-11-15,IT,338.44000244140625,338.44000244140625,343.2099914550781,339.2300109863281,385500.0,1.0,12.081689534072211,350.4106760139566,271.7283285026449,62.149823596967025,136.32995397026397,44.74052653953708,304.5096669514974,298.40633494059244,0.0,100.2,85.5,0.1,1.0864034790908477,23.770000457763672,1
97,2022-11-16,IT,335.95001220703125,335.95001220703125,342.3900146484375,337.3299865722656,402000.0,2.0,12.1933016641201,352.99999585515815,274.0400065862481,61.43886964817234,116.46934255764418,43.102544466638165,306.02000020345054,298.9731679280599,0.0,100.2,85.5,0.1,1.0864034790908477,24.290000915527344,1
98,2022-11-17,IT,332.6199951171875,332.6199951171875,333.1000061035156,331.3699951171875,466200.0,3.0,11.666557117830848,353.98925373273454,277.41174724382796,59.23986892652508,85.59514970129072,25.853587563415577,307.07899983723956,299.46016794840494,0.0,100.2,85.5,0.1,1.0864034790908477,24.049999237060547,1
99,2022-11-18,IT,337.69000244140625,337.69000244140625,338.510009765625,336.7699890136719,307600.0,4.0,11.551493317389998,353.8491978748656,283.3098017589235,60.56286454455836,96.35352964061875,30.724929620876846,308.3866658528646,300.0280008951823,0.0,100.2,85.5,0.1,1.0864034790908477,24.030000686645508,1
100,2022-11-21,IT,338.2699890136719,338.2699890136719,340.94000244140625,336.5799865722656,360900.0,0.0,11.31454378982454,354.46818822573624,287.25480982113874,60.491397533154895,92.45099907291002,31.27704942979637,309.7933319091797,300.55466715494794,0.0,100.2,85.5,0.1,1.0864034790908477,24.049999237060547,1
101,2022-11-22,IT,342.760009765625,342.760009765625,343.1000061035156,339.9599914550781,315200.0,1.0,11.269484607893048,355.2724811357746,291.05551569039727,61.3311321803124,97.04359466737125,35.52924485266906,311.48699849446615,301.3688339233398,0.0,100.2,85.5,0.1,1.0864034790908477,22.59000015258789,1
102,2022-11-23,IT,343.2699890136719,343.2699890136719,345.92999267578125,342.989990234375,193700.0,2.0,11.347376100049416,356.214506596512,294.73148949723793,62.078584218638625,98.06207501877559,36.00996422422799,313.22466532389325,302.2000005086263,0.0,100.2,85.5,0.1,1.0864034790908477,21.489999771118164,1
103,2022-11-25,IT,342.57000732421875,342.57000732421875,346.260009765625,344.29998779296875,337500.0,4.0,11.383549392856139,356.1480506038212,299.7529442692257,62.403611111894456,94.25752624113201,36.009964224227986,315.3643320719401,303.0950002034505,0.0,100.2,85.5,0.1,1.0864034790908477,20.610000610351562,1
104,2022-11-28,IT,345.0299987792969,345.0299987792969,345.989990234375,340.2900085449219,649200.0,0.0,10.962364588294236,353.53472180867743,307.1492747733538,60.754654587972645,88.30212151264348,38.53610433779906,316.928998819987,304.0340001424154,0.0,100.2,85.5,0.1,1.0864034790908477,22.09000015258789,1
105,2022-11-29,IT,340.0799865722656,340.0799865722656,345.44000244140625,344.1099853515625,382600.0,1.0,10.812091419460273,351.8698872898058,313.14010721703016,61.750668021506804,83.2173274501142,37.24127369101481,318.9643320719401,304.8591664632161,0.0,100.2,85.5,0.1,1.0864034790908477,22.09000015258789,1
106,2022-11-30,IT,350.3699951171875,350.3699951171875,350.92999267578125,339.95001220703125,747900.0,2.0,10.239368787812793,351.4189203305938,316.14207515280464,60.034226478911926,93.42940294613425,47.125115993010084,320.50133260091144,305.6791666666667,0.0,100.2,85.5,0.1,1.0864034790908477,21.700000762939453,1
107,2022-12-01,IT,356.2699890136719,356.2699890136719,357.3999938964844,351.989990234375,411200.0,3.0,10.634198532869618,354.1055353512612,316.00445915557475,63.10477486792929,119.26570536499399,51.77970238987728,322.62366536458336,306.70716654459636,0.0,108.3,88.3,-0.2,1.0951382992137297,20.829999923706055,1
108,2022-12-02,IT,351.989990234375,351.989990234375,354.7799987792969,351.5199890136719,474800.0,4.0,10.784860552274438,355.2403859999017,318.2916086290045,62.90959224875347,105.15315937833455,45.69164240289885,324.7489980061849,307.64916636149087,0.0,108.3,88.3,-0.2,1.0951382992137297,20.420000076293945,1
109,2022-12-05,IT,350.4599914550781,350.4599914550781,350.75,348.0,391500.0,0.0,10.499250051314789,356.00139966825105,319.9835948385849,61.43735762388988,88.97426777369363,36.67738382349954,327.04266459147135,308.43633321126305,0.0,108.3,88.3,-0.2,1.0951382992137297,20.299999237060547,1
110,2022-12-06,IT,347.79998779296875,347.79998779296875,350.2900085449219,349.55999755859375,419000.0,1.0,10.28025028500008,355.9591671235154,323.0308261626175,61.846710655304705,83.54123885203693,35.65330286604185,328.9966644287109,309.1444997151693,0.0,108.3,88.3,-0.2,1.0951382992137297,20.690000534057617,1
111,2022-12-07,IT,342.54998779296875,342.54998779296875,349.2699890136719,346.3399963378906,347300.0,2.0,9.73468946677599,354.70006879262957,326.93392473764385,60.47592632962554,66.37280841375494,33.286049467877255,330.74433085123695,309.898166402181,0.0,108.3,88.3,-0.2,1.0951382992137297,22.31999969482422,1
112,2022-12-08,IT,346.3999938964844,346.3999938964844,348.6700134277344,345.2300109863281,237400.0,3.0,9.107785110278428,353.6473578040176,330.0126367028183,60.00168387499954,67.4513258643275,37.674363749394566,332.35833129882815,310.5860000610352,0.0,108.3,88.3,-0.2,1.0951382992137297,22.809999465942383,1
113,2022-12-09,IT,343.29998779296875,343.29998779296875,347.4100036621094,345.04998779296875,375400.0,4.0,8.49846803561229,353.781676257796,330.876316295915,59.92284420644314,57.238232089655455,34.57744694395378,334.0349975585938,311.34449971516926,0.0,108.3,88.3,-0.2,1.0951382992137297,22.549999237060547,1
114,2022-12-12,IT,347.9599914550781,347.9599914550781,348.5199890136719,344.8500061035156,298700.0,0.0,7.908282121210391,353.9267589245944,330.91623423946805,59.83249933077485,67.42962720864926,39.920379410838116,335.7813313802083,312.08866628011066,0.0,108.3,88.3,-0.2,1.0951382992137297,24.399999618530273,1
115,2022-12-13,IT,351.92999267578125,351.92999267578125,358.25,358.25,411400.0,1.0,8.424575473776258,356.32324228931077,331.0437498981893,63.63312196349688,133.03708386433843,44.07940915629048,337.6946645100912,313.1214996337891,0.0,108.3,88.3,-0.2,1.0951382992137297,25.239999771118164,1
116,2022-12-14,IT,347.25,347.25,355.239990234375,351.7799987792969,331800.0,2.0,8.217003301409193,357.2620762342675,331.3599147325293,60.761473609681524,91.97568136946254,36.42519868113465,338.9393310546875,313.9769994099935,0.0,108.3,88.3,-0.2,1.0951382992137297,22.829999923706055,1
117,2022-12-15,IT,340.8299865722656,340.8299865722656,343.260009765625,341.9700012207031,441500.0,3.0,7.17825184431274,357.12861141185437,331.9573810197863,56.74484019178059,10.699464479076617,11.274689881570648,339.4549977620443,314.7961659749349,0.0,108.3,88.3,-0.2,1.0951382992137297,21.520000457763672,1
118,2022-12-16,IT,338.1700134277344,338.1700134277344,339.94000244140625,339.94000244140625,1158000.0,4.0,6.120690142913588,356.1765374054935,333.766455758569,55.953054169391116,-20.846416415593936,5.512309322499073,340.2096649169922,315.68966623942055,0.0,108.3,88.3,-0.2,1.0951382992137297,23.260000228881836,1
119,2022-12-19,IT,339.05999755859375,339.05999755859375,339.2900085449219,338.70001220703125,396500.0,0.0,5.123457014156088,356.0056873342487,334.13030814914976,55.46402073962486,-32.76870223818733,6.893935116556977,340.7173319498698,316.71883290608724,0.0,108.3,88.3,-0.2,1.0951382992137297,22.6299991607666,1
120,2022-12-20,IT,335.7300109863281,335.7300109863281,337.8900146484375,336.8599853515625,531100.0,1.0,4.136991629814133,355.9745660649242,334.18942929640394,54.729731403481644,-68.78333864367798,4.328703502008981,341.29566446940106,317.72316589355466,0.0,108.3,88.3,-0.2,1.0951382992137297,23.170000076293945,1
121,2022-12-21,IT,341.8399963378906,341.8399963378906,343.4800109863281,338.25,275600.0,2.0,3.4278506216807045,356.0834582961323,333.90953791968803,55.19330348136051,-25.145523843205613,13.961334159386807,341.90733133951824,318.7193323771159,0.0,108.3,88.3,-0.2,1.0951382992137297,21.25,1
122,2022-12-22,IT,335.0400085449219,335.0400085449219,338.6700134277344,338.3399963378906,410600.0,3.0,2.8403707321681964,356.2171072011482,333.3108896250236,55.2240133585655,-86.99477441343241,5.059736909389857,342.3529978434245,319.74116566975914,0.0,108.3,88.3,-0.2,1.0951382992137297,20.079999923706055,1
123,2022-12-23,IT,335.95001220703125,335.95001220703125,336.1499938964844,333.6000061035156,165300.0,4.0,1.9696319095210129,356.7254831907409,331.73251546648567,53.23601262755732,-112.18632744476294,0.6564714875120333,342.3039978027344,320.67233225504555,0.0,108.3,88.3,-0.2,1.0951382992137297,22.170000076293945,1
124,2022-12-27,IT,335.6600036621094,335.6600036621094,337.8900146484375,336.3599853515625,209100.0,1.0,1.4851392170564282,356.9076353337944,331.15736100409623,54.22852316475179,-87.68293676145349,0.6564714875120344,342.08266398111977,321.63033192952474,0.0,108.3,88.3,-0.2,1.0951382992137297,21.670000076293945,1
125,2022-12-28,IT,332.8699951171875,332.8699951171875,338.2699890136719,336.239990234375,226400.0,2.0,1.0790546732085318,356.9769050609951,330.30109176517675,54.17680798726546,-98.73406353539308,0.656471487512039,342.19032999674477,322.57433166503904,0.0,108.3,88.3,-0.2,1.0951382992137297,21.469999313354492,1
126,2022-12-29,IT,340.2200012207031,340.2200012207031,340.5799865722656,335.5899963378906,240900.0,3.0,0.696751836279816,357.1495783226248,329.692416916633,53.88883087981699,-57.27782002565561,13.563095072537848,342.0689961751302,323.2893315633138,0.0,108.3,88.3,-0.2,1.0951382992137297,22.25,1
127,2022-12-30,IT,336.1400146484375,336.1400146484375,336.8500061035156,336.239990234375,272200.0,4.0,0.4411355853679879,356.09679874136583,329.17019649789194,54.141000280411454,-86.73504465338337,6.0863089728512,342.0326629638672,324.0263315836589,0.0,108.3,88.3,-0.2,1.0951382992137297,21.829999923706055,1
128,2023-01-03,IT,337.489990234375,337.489990234375,342.05999755859375,339.4100036621094,277600.0,1.0,0.48870644488960124,354.88409142262225,329.17190528147927,55.37230567527432,-49.840998897663255,8.419046884725509,342.3006632486979,324.68983154296876,0.0,107.1,91.2,0.0,1.113371268933264,23.09000015258789,1
129,2023-01-04,IT,334.1499938964844,334.1499938964844,341.79998779296875,338.8999938964844,481100.0,2.0,0.47972486566300176,354.1808900245457,328.9651060692043,55.125963910634624,-69.18777069460575,7.867408188963365,342.3716634114583,325.37916463216146,0.0,107.1,91.2,0.0,1.113371268933264,22.93000030517578,1
130,2023-01-05,IT,324.7699890136719,324.7699890136719,332.8500061035156,330.94000244140625,414500.0,3.0,-0.16773937374887282,353.51373958744455,327.7702569945867,51.431654215436836,-174.96276989311949,9.142636386781538,342.1836639404297,325.9884979248047,0.0,107.1,91.2,0.0,1.113371268933264,22.200000762939453,1
131,2023-01-06,IT,328.6199951171875,328.6199951171875,331.010009765625,327.3999938964844,439300.0,4.0,-0.955483804486164,353.5509146557863,325.8390816821043,49.89337575856166,-162.36988577220913,1.7634259655857953,341.76499735514324,326.62599792480466,0.0,107.1,91.2,0.0,1.113371268933264,22.690000534057617,1
132,2023-01-09,IT,329.1499938964844,329.1499938964844,336.0899963378906,330.42999267578125,501200.0,0.0,-1.3200722029744156,353.14311263458427,324.76688187225164,51.186110089297266,-117.1622161961221,0.7609251191826814,341.34633076985676,327.285498046875,0.0,107.1,91.2,0.0,1.113371268933264,21.75,1
133,2023-01-10,IT,331.989990234375,331.989990234375,332.1700134277344,327.70001220703125,257200.0,1.0,-1.8084441403752862,352.81779044181854,323.35720650642367,49.98415879748016,-120.81544845781869,7.931854170603563,340.7929982503255,328.0786651611328,0.0,107.1,91.2,0.0,1.113371268933264,22.219999313354492,1
134,2023-01-11,IT,337.70001220703125,337.70001220703125,338.30999755859375,333.9800109863281,320300.0,2.0,-1.6695081776076677,352.02370674262994,323.0642906938935,52.63114054312952,-51.831816441030064,2.9839019430311047,340.5826649983724,328.7558319091797,0.0,107.1,91.2,0.0,1.113371268933264,20.799999237060547,1
135,2023-01-12,IT,335.92999267578125,335.92999267578125,340.54998779296875,340.0,334900.0,3.0,-1.0614150880081752,347.45578490553106,325.80721253099233,54.99314871290641,-26.947914903608226,2.9839019430311,340.44566548665364,329.7049987792969,0.0,107.1,91.2,0.0,1.113371268933264,21.559999465942383,1
136,2023-01-13,IT,335.9800109863281,335.9800109863281,337.0400085449219,333.3299865722656,279900.0,4.0,-1.1049609028135023,343.9288373339287,327.48915888189157,52.020022994742284,-59.940258888268474,3.8467523330067666,340.22499796549477,330.3631652832031,0.0,107.1,91.2,0.0,1.113371268933264,19.0,1
137,2023-01-17,IT,333.9100036621094,333.9100036621094,338.19000244140625,334.6099853515625,466200.0,1.0,-1.0243799400147964,343.0219583653836,327.66003626352267,52.52951161826469,-55.78831941268281,3.8467523330067706,339.645664469401,331.13466491699216,0.0,107.1,91.2,0.0,1.113371268933264,19.889999389648438,1
138,2023-01-18,IT,330.6000061035156,330.6000061035156,337.04998779296875,335.32000732421875,453200.0,2.0,-0.8929340980981806,342.4801921192033,327.7398029979842,52.817016579849394,-68.38635598027123,6.156842069862274,339.1056650797526,331.9273315429688,0.0,107.1,91.2,0.0,1.113371268933264,19.280000686645508,1
139,2023-01-19,IT,324.4700012207031,324.4700012207031,330.70001220703125,329.20001220703125,380700.0,3.0,-1.267968823201329,342.25140808242236,327.0185870347651,50.110841540923545,-142.86604834209444,17.901146614504587,338.478998819987,332.7608317057292,0.0,107.1,91.2,0.0,1.113371268933264,20.43000030517578,1
140,2023-01-20,IT,332.9599914550781,332.9599914550781,333.5,326.30999755859375,340400.0,4.0,-1.777887881004176,342.4971667681353,325.71782956975534,48.88721320835059,-101.37539919206722,0.01248880538943688,337.70399881998696,333.35033162434894,0.0,107.1,91.2,0.0,1.113371268933264,20.280000686645508,1
141,2023-01-23,IT,332.95001220703125,332.95001220703125,338.4100036621094,333.3299865722656,383900.0,0.0,-1.5971463473106269,342.0252161739093,325.6977788212079,51.84212671430874,-43.74527518338587,0.012488805389436615,337.27033182779945,334.0073313395182,0.0,107.1,91.2,0.0,1.113371268933264,20.209999084472656,1
142,2023-01-24,IT,332.92999267578125,332.92999267578125,335.5199890136719,329.5400085449219,342700.0,1.0,-1.7396683833792395,341.51719239071997,325.32580382510037,50.22061259320252,-72.08955562642569,5.584636782366492,336.74733174641926,334.5528315226237,0.0,107.1,91.2,0.0,1.113371268933264,19.889999389648438,1
143,2023-01-25,IT,328.6000061035156,328.6000061035156,329.5299987792969,328.42999267578125,346500.0,2.0,-1.9200526093397343,341.55927571675596,324.7667191562909,49.74915849284025,-123.20622444855455,15.96105017977584,336.1933319091797,335.1141647338867,0.0,107.1,91.2,0.0,1.113371268933264,19.559999465942383,1
144,2023-01-26,IT,328.9200134277344,328.9200134277344,332.6600036621094,331.5199890136719,417000.0,3.0,-1.7930060945056425,341.2075820760273,324.63441316323053,51.071878692061695,-86.33726201072022,15.237785923009293,335.7489980061849,335.7651646931966,0.0,107.1,91.2,0.0,1.113371268933264,19.049999237060547,1
145,2023-01-27,IT,331.6199951171875,331.6199951171875,333.4800109863281,326.9200134277344,482400.0,4.0,-2.0399802101483715,340.9999085005738,323.91008905802,49.08225927411807,-89.42127453810623,9.100502086787712,334.7046651204427,336.19966481526694,0.0,107.1,91.2,0.0,1.113371268933264,18.899999618530273,1
146,2023-01-30,IT,333.2200012207031,333.2200012207031,335.760009765625,329.2799987792969,429500.0,0.0,-2.0219719343092493,340.6629668394631,323.61603096327127,50.1137051965797,-44.727269174348685,5.53990748610819,333.9546651204427,336.4469980875651,0.0,107.1,91.2,0.0,1.113371268933264,19.760000228881836,1
147,2023-01-31,IT,338.1400146484375,338.1400146484375,338.1600036621094,333.739990234375,470000.0,1.0,-1.6290413744087573,340.35615335509664,323.6728444476377,52.01407947910545,40.85744397962234,4.685127349465589,333.6803314208984,336.5676645914713,0.0,107.1,91.2,0.0,1.113371268933264,20.1200008392334,1
148,2023-02-01,IT,347.2799987792969,347.2799987792969,348.8900146484375,337.04998779296875,430700.0,2.0,-1.0385824089908624,339.85566190076275,323.9373343150575,53.37762363170504,193.75892253528505,20.06426277926448,333.58399759928386,336.89683125813804,0.0,102.9,94.7,0.8,1.1107446724947039,19.6200008392334,1
149,2023-02-02,IT,348.5400085449219,348.5400085449219,355.95001220703125,350.3900146484375,596900.0,3.0,0.5000156603182973,343.5901106327965,321.3518876582191,58.3159274486224,298.72362619431226,21.920779577810187,333.9736643473307,337.34549814860026,0.0,102.9,94.7,0.8,1.1107446724947039,17.739999771118164,1
150,2023-02-03,IT,341.95001220703125,341.95001220703125,346.8399963378906,344.1499938964844,402200.0,4.0,1.2019963802406437,345.3797580149111,320.8832394216123,55.47267703439565,149.74111514902341,3.366408292390919,334.21666463216144,337.75616455078125,0.0,102.9,94.7,0.8,1.1107446724947039,18.56999969482422,1
151,2023-02-06,IT,340.92999267578125,340.92999267578125,346.1400146484375,338.54998779296875,617000.0,0.0,1.2915625511481608,345.8535549795287,321.52444184664313,53.07049039044466,106.7217069828646,2.090309567464891,334.22666422526044,338.0669977823893,0.0,102.9,94.7,0.8,1.1107446724947039,19.229999542236328,1
152,2023-02-07,IT,352.8900146484375,352.8900146484375,354.8999938964844,333.0,1032100.0,1.0,0.904285886073751,345.8910577689282,321.7439397896656,50.81447603255289,172.19000112166253,20.105224758942207,334.0486643473307,338.2008310953776,0.0,102.9,94.7,0.8,1.1107446724947039,19.540000915527344,1
153,2023-02-08,IT,346.4800109863281,346.4800109863281,352.4800109863281,351.29998779296875,522000.0,2.0,2.0503771889220843,349.0108540781131,320.9841410390744,57.043245397551836,192.11186891311706,15.508337067426664,334.63866373697914,338.47133076985676,0.0,102.9,94.7,0.8,1.1107446724947039,18.8799991607666,1
154,2023-02-09,IT,351.0299987792969,351.0299987792969,356.6700134277344,350.0,478400.0,3.0,2.821243658749779,351.31748410766573,320.279509910889,56.51727909034583,193.33602046932194,21.54354583854744,335.0933308919271,338.58799743652344,0.0,102.9,94.7,0.8,1.1107446724947039,19.239999771118164,1
155,2023-02-10,IT,347.6199951171875,347.6199951171875,351.1600036621094,349.0,342800.0,4.0,3.3132762435137124,352.77001163649663,319.72698238205805,56.10561403701788,135.20449291902935,11.256088218955485,335.51866455078124,338.854497273763,0.0,102.9,94.7,0.8,1.1107446724947039,20.739999771118164,1
156,2023-02-13,IT,351.4599914550781,351.4599914550781,353.5,348.9200134277344,400100.0,0.0,3.6546330040679322,354.4180093674362,319.63798733666533,56.07181940309091,141.5487328453129,16.51991030115295,335.96299845377604,339.0159973144531,0.0,102.9,94.7,0.8,1.1107446724947039,21.65999984741211,1
157,2023-02-14,IT,342.2099914550781,342.2099914550781,351.8299865722656,350.5400085449219,377900.0,1.0,4.009659221465654,356.180617926265,319.4683810971725,56.61928646365521,99.31798442460556,13.393095959917106,336.4396657307943,339.2361643473307,0.0,102.9,94.7,0.8,1.1107446724947039,20.719999313354492,1
158,2023-02-15,IT,344.6400146484375,344.6400146484375,346.3800048828125,339.3900146484375,298700.0,2.0,3.35266529531566,356.357434095385,319.6985656604744,52.00461444293488,49.84383562693023,3.686581910265402,336.4389994303385,339.3698313395182,0.0,102.9,94.7,0.8,1.1107446724947039,19.3700008392334,1
159,2023-02-16,IT,346.0,346.0,351.8999938964844,339.3800048828125,742200.0,3.0,2.7989209579017142,356.3935135385167,320.68048548492084,52.00067841661932,67.02682250036365,5.836694748278852,336.4549997965495,339.41333160400393,0.0,102.9,94.7,0.8,1.1107446724947039,18.260000228881836,1
160,2023-02-17,IT,346.0199890136719,346.0199890136719,346.5799865722656,345.45001220703125,352400.0,4.0,2.8173943853243486,356.6283600136402,322.3596404746411,54.17635485625085,64.25364914149932,3.199655481817419,336.93866678873695,339.56116536458336,0.0,102.9,94.7,0.8,1.1107446724947039,20.940000534057617,1
161,2023-02-21,IT,338.2300109863281,338.2300109863281,342.7099914550781,341.6400146484375,357500.0,1.0,2.4958304475470072,356.81600825788223,323.00299503801625,52.62743082499202,12.697217841886394,9.226340754441416,337.4133341471354,339.5891657511393,0.0,102.9,94.7,0.8,1.1107446724947039,21.799999237060547,1
162,2023-02-22,IT,334.1499938964844,334.1499938964844,338.5799865722656,338.3900146484375,442800.0,2.0,1.9561919714879537,356.564788722553,324.13921518369705,51.33236009103624,-26.71467694664863,15.245919107555281,337.6786682128906,339.5124994913737,0.0,102.9,94.7,0.8,1.1107446724947039,23.030000686645508,1
163,2023-02-23,IT,335.739990234375,335.739990234375,336.9100036621094,335.760009765625,334000.0,3.0,1.30130519699037,356.1069762106555,325.3300294045789,50.29623253017782,-38.5187032998155,17.607585854050754,337.9473347981771,339.3701665242513,0.0,102.9,94.7,0.8,1.1107446724947039,21.959999084472656,1
164,2023-02-24,IT,332.3500061035156,332.3500061035156,335.8399963378906,331.19000244140625,389500.0,4.0,0.4088296370449598,356.13265314718853,325.2713538108193,48.535219419189794,-66.92261353216452,19.15061153733139,337.8543345133464,339.2184997558594,0.0,102.9,94.7,0.8,1.1107446724947039,21.350000381469727,1
165,2023-02-27,IT,327.3900146484375,327.3900146484375,337.0899963378906,335.4200134277344,589000.0,0.0,0.04237353061517979,355.3828770810197,326.8711298769881,50.204632946370374,-61.733178076015754,19.150611537331386,337.70166829427086,339.0736668904622,0.0,102.9,94.7,0.8,1.1107446724947039,21.989999771118164,1
166,2023-02-28,IT,327.80999755859375,327.80999755859375,331.9100036621094,326.42999267578125,624800.0,1.0,-0.9623697429165645,355.7855462181526,326.1834601295036,46.86251443671979,-101.28456437446094,26.740250912509488,337.47166849772134,338.8483332316081,0.0,102.9,94.7,0.8,1.1107446724947039,21.299999237060547,1
167,2023-03-01,IT,325.4200134277344,325.4200134277344,328.92999267578125,325.69000244140625,288700.0,2.0,-1.7976249896759668,356.6003178222165,324.56368974614287,46.598372505231794,-113.3457868739413,30.73866418332972,337.17433573404946,338.41000010172525,0.0,104.2,94.9,-0.5,1.145416508577668,20.389999389648438,1
168,2023-03-02,IT,329.3800048828125,329.3800048828125,330.5400085449219,324.30999755859375,337500.0,3.0,-2.541627098911988,357.49477115671436,322.39523738820753,46.09711213301871,-96.1228339870944,21.331958806926963,336.8073354085287,337.9565002441406,0.0,104.2,94.9,-0.5,1.145416508577668,21.40999984741211,1
169,2023-03-03,IT,333.80999755859375,333.80999755859375,334.95001220703125,331.80999755859375,276500.0,4.0,-2.497280856160785,356.20101677730526,321.83099005863227,49.17113392490966,-50.38284505653134,11.719490918793799,336.8943349202474,337.68666687011716,0.0,104.2,94.9,-0.5,1.145416508577668,19.760000228881836,1
170,2023-03-06,IT,341.4200134277344,341.4200134277344,341.989990234375,335.3399963378906,435200.0,0.0,-2.1524827595530382,355.6577603657502,321.4932467143279,50.54437612837483,2.2338691616129878,2.4693540559330986,337.19533487955727,337.44966684977214,0.0,104.2,94.9,-0.5,1.145416508577668,19.049999237060547,1
171,2023-03-07,IT,334.6000061035156,334.6000061035156,341.5400085449219,340.8800048828125,522800.0,1.0,-1.4158748098731166,355.8052817461356,321.57872704292686,52.622484258871026,-4.584874097768168,1.6533118828223596,337.44700215657554,337.3586669921875,0.0,104.2,94.9,-0.5,1.145416508577668,18.639999389648438,1
172,2023-03-08,IT,338.32000732421875,338.32000732421875,340.0,333.70001220703125,296300.0,2.0,-1.39538707194464,355.79406662880217,321.65994338096345,49.81602739259932,-22.607607944742124,8.11957728910498,337.5856689453125,337.16650034586587,0.0,104.2,94.9,-0.5,1.145416508577668,19.709999084472656,1
173,2023-03-09,IT,332.32000732421875,332.32000732421875,340.1300048828125,339.260009765625,384100.0,3.0,-0.9199016358033987,354.1418259376456,322.1081862693856,51.872187840679885,-27.42614910161689,8.119577289104972,337.94666951497396,337.0700007120768,0.0,104.2,94.9,-0.5,1.145416508577668,19.329999923706055,1
174,2023-03-10,IT,314.3299865722656,314.3299865722656,332.25,331.6400146484375,685900.0,4.0,-1.1447491653099178,352.4436879196392,321.97032575223574,49.024400197300814,-136.65295048369347,6.725059133069021,337.95067036946614,336.84983418782554,0.0,104.2,94.9,-0.5,1.145416508577668,23.34000015258789,1
175,2023-03-13,IT,313.2799987792969,313.2799987792969,317.42999267578125,311.8999938964844,407900.0,0.0,-2.8825667736942933,353.33031412119163,317.37369894033185,42.73672066966531,-231.12090915277568,26.902037397928336,337.4500030517578,336.0773340861003,0.0,104.2,94.9,-0.5,1.145416508577668,24.049999237060547,1
176,2023-03-14,IT,320.32000732421875,320.32000732421875,324.3999938964844,317.9700012207031,576400.0,1.0,-3.7270384331955597,352.18894423562574,315.4200676051946,44.981391082109624,-156.71650026788737,14.342144373487747,337.073003133138,335.51383412679036,0.0,104.2,94.9,-0.5,1.145416508577668,26.850000381469727,1
177,2023-03-15,IT,310.82000732421875,310.82000732421875,316.8900146484375,315.1700134277344,476600.0,2.0,-4.569548756118593,350.44685195216863,313.6251603769329,44.155446652450856,-188.29142107244945,23.029199825697336,336.45400390625,335.0671676635742,0.0,104.2,94.9,-0.5,1.145416508577668,23.209999084472656,1
178,2023-03-16,IT,305.95001220703125,305.95001220703125,312.95001220703125,309.6099853515625,1115600.0,3.0,-5.621095120022289,351.1411217130205,309.9528876863936,42.55047821843158,-198.143327763868,27.171379465600005,335.5393371582031,334.5616673787435,0.0,104.2,94.9,-0.5,1.145416508577668,26.190000534057617,1
179,2023-03-17,IT,302.489990234375,302.489990234375,310.7799987792969,303.70001220703125,1131600.0,4.0,-6.852348575803433,352.1303006268445,305.3957095049915,40.91517458636442,-197.60053456154685,29.407978699947137,333.9830037434896,333.9783340454102,0.0,104.2,94.9,-0.5,1.145416508577668,22.920000076293945,1
180,2023-03-20,IT,308.1499938964844,308.1499938964844,308.44000244140625,303.07000732421875,390700.0,0.0,-7.789173136448653,351.2910525520391,301.9969570915156,40.74250203080493,-169.24992710459455,19.201286513135965,332.6136708577474,333.41516774495443,0.0,104.2,94.9,-0.5,1.145416508577668,27.770000457763672,1
181,2023-03-21,IT,314.05999755859375,314.05999755859375,314.1099853515625,310.32000732421875,443600.0,1.0,-7.856039833947818,349.69319449951706,300.4628144116158,43.57722546689178,-118.72225092201032,9.556413703419945,331.67267150878905,332.94966786702474,0.0,104.2,94.9,-0.5,1.145416508577668,24.15999984741211,1
182,2023-03-22,IT,312.1000061035156,312.1000061035156,321.1099853515625,313.2099914550781,548400.0,2.0,-7.588360860893147,348.14139691113036,299.4966096806665,44.668713208506915,-94.34538283938382,9.556413703419937,331.01300455729165,332.5308344523112,0.0,104.2,94.9,-0.5,1.145416508577668,21.799999237060547,1
183,2023-03-23,IT,308.5400085449219,308.5400085449219,315.2699890136719,313.0799865722656,682800.0,3.0,-7.3025345665033115,346.7770148775417,298.59298939491924,44.628537407777394,-103.22447736389007,17.127819844427425,329.73900451660154,332.18883412679037,0.0,104.2,94.9,-0.5,1.145416508577668,21.540000915527344,1
184,2023-03-24,IT,312.1099853515625,312.1099853515625,312.260009765625,307.80999755859375,427900.0,4.0,-7.415774541036001,346.133576357813,296.89842742636665,43.00647251653344,-103.8652751403006,11.052838514551091,328.332671101888,331.71300099690757,0.0,104.2,94.9,-0.5,1.145416508577668,22.110000610351562,1
185,2023-03-27,IT,312.4599914550781,312.4599914550781,315.0400085449219,313.8900146484375,284600.0,0.0,-6.934969724268342,344.3704364457037,296.50856746054626,45.37597733823429,-80.99417032601804,10.452447545576238,327.16233825683594,331.3405014038086,0.0,104.2,94.9,-0.5,1.145416508577668,22.049999237060547,1
186,2023-03-28,IT,314.7300109863281,314.7300109863281,314.989990234375,311.6099853515625,289900.0,1.0,-6.661122379613744,343.7658127895127,295.6311903843154,44.65575207406661,-75.45687049661927,6.462042743915536,325.9186706542969,330.9408345540365,0.0,104.2,94.9,-0.5,1.145416508577668,20.530000686645508,1
187,2023-03-29,IT,318.3599853515625,318.3599853515625,318.80999755859375,317.0,219100.0,2.0,-5.94068691479589,343.18922047252676,295.3387824571608,46.723743965277606,-46.743707831732976,0.26978057742201517,324.80067036946616,330.6201680501302,0.0,104.2,94.9,-0.5,1.145416508577668,19.389999389648438,1
188,2023-03-30,IT,319.70001220703125,319.70001220703125,320.6000061035156,319.3299865722656,237700.0,3.0,-5.122675245580183,342.8224687782828,295.2075330527719,47.59933215095412,-32.33612350957662,1.980013750005588,324.1320027669271,330.28550109863284,0.0,104.2,94.9,-0.5,1.145416508577668,19.1200008392334,1
189,2023-03-31,IT,325.7699890136719,325.7699890136719,325.79998779296875,321.010009765625,396800.0,4.0,-4.289385957515037,341.53882547992845,295.41117757182934,48.23392698469919,-1.942615346136516,11.585781676163654,323.51966959635416,329.9873346964518,0.0,104.2,94.9,-0.5,1.145416508577668,19.209999084472656,1
190,2023-04-03,IT,324.7099914550781,324.7099914550781,325.8500061035156,323.2699890136719,519700.0,0.0,-3.4073589129399693,339.6744197679145,296.0685825514214,49.09187163652813,5.714129849398231,11.585781676163654,322.78033548990885,329.8595011393229,0.0,101.3,87.1,-0.3,1.089774046974071,19.790000915527344,1
191,2023-04-04,IT,314.0799865722656,314.0799865722656,324.239990234375,324.05999755859375,650500.0,1.0,-2.6144611808134073,336.2399014307649,297.8211001561491,49.39516066183745,-16.81150221208434,8.367046785346089,322.1943349202474,329.80383453369143,0.0,101.3,87.1,-0.3,1.089774046974071,18.790000915527344,1
192,2023-04-05,IT,313.1600036621094,313.1600036621094,317.3999938964844,313.0799865722656,645500.0,2.0,-2.8393486048146315,333.5867543167876,298.41224470664986,45.49793549606379,-58.101820819131405,4.184609296525418,321.3506673177083,329.51466776529946,0.0,101.3,87.1,-0.3,1.089774046974071,19.420000076293945,1
193,2023-04-06,IT,313.75,313.75,313.8299865722656,312.42999267578125,477800.0,3.0,-3.035036553335601,328.4605714603034,300.85542585414976,45.27915972886693,-63.278581269946066,10.000557699053267,320.5730000813802,329.2601674397786,0.0,101.3,87.1,-0.3,1.089774046974071,19.299999237060547,1
194,2023-04-10,IT,314.67999267578125,314.67999267578125,314.9100036621094,311.42999267578125,419200.0,0.0,-3.2335380660961732,324.9475788997899,302.34741621739755,44.93527813009069,-57.38132702360199,8.172142516689139,319.9143330891927,328.8843338012695,0.0,101.3,87.1,-0.3,1.089774046974071,19.389999389648438,1
195,2023-04-11,IT,316.2099914550781,316.2099914550781,318.7300109863281,315.7099914550781,294300.0,1.0,-3.01078544066786,325.14249621461096,302.5334986584359,46.726656934381786,-29.017207794883795,5.0998863116143776,319.25733235677086,328.47950032552086,0.0,101.3,87.1,-0.3,1.089774046974071,19.079999923706055,1
196,2023-04-12,IT,320.25,320.25,321.95001220703125,317.9200134277344,522800.0,2.0,-2.6256552004603577,325.1361716579481,302.53482443580185,47.63660783161582,-0.6679336345038561,2.7003568455818203,318.9736663818359,328.22266743977866,0.0,101.3,87.1,-0.3,1.089774046974071,19.3799991607666,1
197,2023-04-13,IT,320.9599914550781,320.9599914550781,321.75,320.7099914550781,648300.0,3.0,-2.0714306870318637,325.8153348838123,302.40965901267214,48.77917572982284,10.643472872915295,4.038302127879531,318.807666015625,327.99100087483725,0.0,101.3,87.1,-0.3,1.089774046974071,18.829999923706055,1
198,2023-04-14,IT,314.8800048828125,314.8800048828125,323.3599853515625,319.92999267578125,440100.0,4.0,-1.6758252667614784,326.4052674292319,302.8517271996743,48.47328025541236,-2.328422624983871,4.038302127879545,318.6616658528646,327.73450063069663,0.0,101.3,87.1,-0.3,1.089774046974071,17.940000534057617,1
199,2023-04-17,IT,319.57000732421875,319.57000732421875,320.0400085449219,314.8800048828125,299800.0,0.0,-1.749628228272627,325.78213661176954,304.59285728471485,46.51942410505295,-9.543132038845885,13.061991394529409,318.0973327636719,327.4958338419596,0.0,101.3,87.1,-0.3,1.089774046974071,17.579999923706055,1
200,2023-04-18,IT,317.75,317.75,321.6000061035156,321.260009765625,430300.0,1.0,-1.2785661093973886,325.34980203094904,306.844192109676,49.19578023157025,18.982669156147562,13.061991394529418,317.6279998779297,327.4116673787435,0.0,101.3,87.1,-0.3,1.089774046974071,16.940000534057617,1
201,2023-04-19,IT,307.239990234375,307.239990234375,314.6700134277344,314.5799865722656,516500.0,2.0,-1.4278090485850043,325.19154091318444,307.4284511522452,46.6662993275174,-66.39953675320555,2.429457135707827,316.75133260091144,327.0991673787435,0.0,101.3,87.1,-0.3,1.089774046974071,17.299999237060547,1
202,2023-04-20,IT,304.1400146484375,304.1400146484375,307.1099853515625,305.4700012207031,718800.0,3.0,-2.2551883159513864,325.97118383230213,305.87480920969006,43.510153014618616,-143.98707342711768,15.871702723479212,315.8103322347005,326.69800059000653,0.0,101.3,87.1,-0.3,1.089774046974071,16.850000381469727,1
203,2023-04-21,IT,302.7200012207031,302.7200012207031,305.5899963378906,304.70001220703125,686700.0,4.0,-2.9391433985086337,326.6862233319015,304.32177227356726,43.25436873425844,-159.2378071910017,18.291078450687408,314.6583323160807,326.30250091552733,0.0,101.3,87.1,-0.3,1.089774046974071,17.510000228881836,1
204,2023-04-24,IT,302.55999755859375,302.55999755859375,303.8800048828125,303.55999755859375,423000.0,0.0,-3.5324524569866753,327.2256034981082,303.35739210736057,42.86838454281649,-164.6093669829066,21.022457800255378,313.7223317464193,325.8365010579427,0.0,101.3,87.1,-0.3,1.089774046974071,18.219999313354492,1
205,2023-04-25,IT,294.8900146484375,294.8900146484375,301.1000061035156,300.8800048828125,394400.0,1.0,-4.1708284301064396,328.203892747437,301.0781018814692,41.95784431239303,-200.10219359178075,25.358629862760584,313.35499877929686,325.40250091552736,0.0,101.3,87.1,-0.3,1.089774046974071,17.6200008392334,1
206,2023-04-26,IT,294.4200134277344,294.4200134277344,296.1499938964844,293.25,395300.0,2.0,-5.232111025901588,330.3001281964516,297.14586789729833,39.48761435978325,-225.19717470745016,32.42084598790211,312.5309987386068,324.8020009358724,0.0,101.3,87.1,-0.3,1.089774046974071,18.65999984741211,1
207,2023-04-27,IT,302.42999267578125,302.42999267578125,302.989990234375,295.05999755859375,511700.0,3.0,-5.859587785460235,331.0868045961762,294.16519125343314,40.34943170749543,-140.69569194308937,13.79657031282726,311.8606648763021,324.15733439127604,0.0,101.3,87.1,-0.3,1.089774046974071,18.43000030517578,1
208,2023-04-28,IT,302.4599914550781,302.4599914550781,304.7699890136719,301.19000244140625,648100.0,4.0,-5.795421508855384,330.5712896400398,292.86670779648364,43.18437784477192,-104.15534793838397,13.732531447698278,311.5799987792969,323.55966796875,0.0,101.3,87.1,-0.3,1.089774046974071,17.209999084472656,1
209,2023-05-01,IT,307.6000061035156,307.6000061035156,309.94000244140625,301.3999938964844,705800.0,0.0,-5.662352640943993,329.5959883246552,291.88100752495416,43.279905964090766,-67.36998624746377,3.1053049986457677,311.5033315022786,322.74316762288413,0.0,102.3,88.2,-0.1,1.0831854540893033,16.40999984741211,1
210,2023-05-02,IT,301.989990234375,301.989990234375,324.1499938964844,313.489990234375,905900.0,1.0,-4.529124096486328,328.2253502506525,292.2736457210272,48.44287970566784,4.086194312835091,3.1053049986457695,311.8506642659505,322.23216756184894,0.0,102.3,88.2,-0.1,1.0831854540893033,16.270000457763672,1
211,2023-05-03,IT,305.8500061035156,305.8500061035156,310.95001220703125,305.7300109863281,791000.0,2.0,-4.208682661616194,326.17761329544555,292.4883840190075,45.68189061285288,-55.31262759275738,23.95660327228445,311.6976643880208,321.68516794840497,0.0,102.3,88.2,-0.1,1.0831854540893033,17.81999969482422,1
212,2023-05-04,IT,300.6499938964844,300.6499938964844,305.4800109863281,305.4800109863281,561400.0,3.0,-3.929605380014266,325.78459651285715,292.12140324300225,45.595282742875995,-86.69879518914783,30.574638033436614,311.43999837239585,321.22650146484375,0.0,102.3,88.2,-0.1,1.0831854540893033,19.170000076293945,1
213,2023-05-05,IT,303.57000732421875,303.57000732421875,306.3399963378906,302.5400085449219,488600.0,4.0,-3.9007033541411147,325.44043506433104,291.4765662784424,44.56735846993953,-77.22541142954235,24.396781732237244,311.0886657714844,320.413835144043,0.0,102.3,88.2,-0.1,1.0831854540893033,19.5,1
214,2023-05-08,IT,304.17999267578125,304.17999267578125,305.82000732421875,304.5799865722656,426300.0,0.0,-3.670873576393035,325.12188747319607,291.1101132592258,45.45010532711753,-66.03946113580226,23.096246756856235,310.9809987386068,319.6568349202474,0.0,102.3,88.2,-0.1,1.0831854540893033,17.729999542236328,1
215,2023-05-09,IT,304.42999267578125,304.42999267578125,305.19000244140625,302.3299865722656,333100.0,1.0,-3.628461363278973,324.2464923502141,290.64750789392656,44.63902183887705,-68.91963671499659,23.973781832390834,310.595664469401,318.8790013631185,0.0,102.3,88.2,-0.1,1.0831854540893033,17.290000915527344,1
216,2023-05-10,IT,304.5199890136719,304.5199890136719,309.42999267578125,307.8299865722656,326600.0,2.0,-3.1151360180157326,323.0077027579495,290.8772948006443,47.02941250422878,-36.41991842608999,23.758138846674164,310.46966451009115,318.194167582194,0.0,102.3,88.2,-0.1,1.0831854540893033,17.579999923706055,1
217,2023-05-11,IT,305.8500061035156,305.8500061035156,306.6400146484375,304.3900146484375,388200.0,3.0,-2.9518716169137633,320.8490958068406,291.40390407108913,45.7512571987544,-47.74977021066699,27.91341218018245,310.04933166503906,317.4250010172526,0.0,102.3,88.2,-0.1,1.0831854540893033,16.799999237060547,1
218,2023-05-12,IT,310.6300048828125,310.6300048828125,312.45001220703125,308.1400146484375,611100.0,4.0,-2.4911730637470555,318.8047148281051,292.2692872470902,47.36447375124978,-1.239958517040858,16.30445627784393,309.67633260091145,316.9041676839193,0.0,102.3,88.2,-0.1,1.0831854540893033,16.829999923706055,1
219,2023-05-15,IT,315.1099853515625,315.1099853515625,315.32000732421875,310.4200134277344,422100.0,0.0,-1.9199572302237584,318.06019265477596,292.5678102749115,48.33088203271569,34.52757059609621,6.610744876678579,309.3233327229818,316.42150115966797,0.0,102.3,88.2,-0.1,1.0831854540893033,17.440000534057617,1
220,2023-05-16,IT,321.2099914550781,321.2099914550781,324.2699890136719,313.8599853515625,948500.0,1.0,-1.176129898871011,316.0675290631136,293.8204714251676,49.770296387429156,100.58639206573505,4.92339564126866,309.00966593424477,315.8950007120768,0.0,102.3,88.2,-0.1,1.0831854540893033,17.540000915527344,1
221,2023-05-17,IT,323.29998779296875,323.29998779296875,325.19000244140625,321.82000732421875,698100.0,2.0,0.05503147724766677,318.0962749795842,292.5157275838924,52.91052492593325,135.52909085488295,8.547163686531011,308.93499959309895,315.5646672566732,0.0,102.3,88.2,-0.1,1.0831854540893033,17.959999084472656,1
222,2023-05-18,IT,331.30999755859375,331.30999755859375,332.2699890136719,324.79998779296875,619100.0,3.0,1.2567086931339304,321.75331335991507,290.7916878607881,54.023683966832465,177.87944540373607,20.898714422049185,309.32566630045574,315.33816680908205,0.0,102.3,88.2,-0.1,1.0831854540893033,16.920000076293945,1
223,2023-05-19,IT,330.7699890136719,330.7699890136719,335.5400085449219,332.75,470800.0,4.0,2.8180612130813074,327.12863767622366,288.22136232377636,56.83945856981167,186.77862941593372,20.89871442204918,310.0029998779297,315.28799997965496,0.0,102.3,88.2,-0.1,1.0831854540893033,16.1299991607666,1
224,2023-05-22,IT,331.3999938964844,331.3999938964844,334.3599853515625,331.2799987792969,517600.0,0.0,3.8919633922788535,331.0631621001266,287.0588380219437,56.18130281833915,161.81808471584944,18.211097017457814,310.6646667480469,315.2894999186198,0.0,102.3,88.2,-0.1,1.0831854540893033,17.450000762939453,1
225,2023-05-23,IT,325.2900085449219,325.2900085449219,330.55999755859375,329.6000061035156,469900.0,1.0,4.554970377586358,333.9519156745429,287.0420845695977,55.42258811440464,122.1225280380696,9.808076928139531,311.12766723632814,315.1924997965495,0.0,102.3,88.2,-0.1,1.0831854540893033,17.350000381469727,1
226,2023-05-24,IT,329.5400085449219,329.5400085449219,330.94000244140625,324.1300048828125,452100.0,2.0,4.586158436903702,334.76985113713226,289.3121495952896,53.011250421578225,113.9903374378427,16.87273385420516,311.3346669514974,315.15416666666664,0.0,102.3,88.2,-0.1,1.0831854540893033,18.799999237060547,1
227,2023-05-25,IT,338.239990234375,338.239990234375,340.989990234375,332.4100036621094,757500.0,3.0,5.218842320547651,336.8988593536545,290.91814198911896,56.008391463113945,164.75889494518088,29.036105472851986,311.72466735839845,315.2661666870117,0.0,102.3,88.2,-0.1,1.0831854540893033,19.540000915527344,1
228,2023-05-26,IT,343.260009765625,343.260009765625,346.45001220703125,338.510009765625,513700.0,4.0,6.141670998563882,340.41712016858474,291.13188190661054,58.04774202482058,179.8355685548834,34.91061248926008,312.3440012613932,315.5028335571289,0.0,102.3,88.2,-0.1,1.0831854540893033,19.06999969482422,1
229,2023-05-30,IT,342.510009765625,342.510009765625,349.1000061035156,344.9800109863281,540800.0,1.0,7.31081981065978,344.8484365750517,291.05856720912794,60.07835796386345,172.870968055343,34.910612489260096,313.3473347981771,315.7223337809245,0.0,102.3,88.2,-0.1,1.0831854540893033,17.559999465942383,1
230,2023-05-31,IT,342.8599853515625,342.8599853515625,345.67999267578125,341.6600036621094,1314500.0,2.0,7.878661521453921,348.15619418218665,290.56781094476645,58.57337820559233,144.61306141787097,26.742776683124603,314.02733459472654,315.8276672363281,0.0,102.3,88.2,-0.1,1.0831854540893033,18.040000915527344,1
231,2023-06-01,IT,340.239990234375,340.239990234375,341.739990234375,339.9100036621094,570900.0,3.0,8.094165296571816,350.5086313457781,291.6333730487531,57.78407649313327,116.986174260236,17.948772158687014,314.8716684977214,315.8115005493164,0.0,109.7,86.4,-0.2,1.0582296886491918,17.239999771118164,1
232,2023-06-02,IT,345.010009765625,345.010009765625,347.1099853515625,341.70001220703125,396500.0,4.0,8.3135587876788,352.7346550349939,293.0293494816076,58.37756264946939,123.26416470966969,24.709465109834124,316.07933553059894,315.94483388264973,0.0,109.7,86.4,-0.2,1.0582296886491918,15.649999618530273,1
233,2023-06-05,IT,343.510009765625,343.510009765625,344.3500061035156,342.6700134277344,635100.0,0.0,8.468085877751946,354.37661601419353,295.40038899068924,58.70301921259873,108.51053322228024,18.662082470444556,317.3450022379557,316.0016672770182,0.0,109.7,86.4,-0.2,1.0582296886491918,15.279999732971191,1
234,2023-06-06,IT,339.3800048828125,339.3800048828125,346.17999267578125,344.239990234375,535500.0,1.0,8.617892020759427,355.9404061154051,297.8025992556887,59.236696973626124,99.36831301650903,18.662082470444563,318.7010019938151,316.2116668701172,0.0,109.7,86.4,-0.2,1.0582296886491918,14.90999984741211,1
235,2023-06-07,IT,339.44000244140625,339.44000244140625,341.5199890136719,340.2900085449219,599700.0,2.0,8.321953659489964,355.98976546887246,301.5492420994869,57.309128945604044,81.21554218883188,8.510203244240111,320.01466878255206,316.68483378092446,0.0,109.7,86.4,-0.2,1.0582296886491918,14.140000343322754,1
236,2023-06-08,IT,343.989990234375,343.989990234375,345.1300048828125,339.3999938964844,417600.0,3.0,7.924257722411312,356.07608931737144,304.61991898340983,56.87772271955051,86.55154055141358,16.010003697314804,321.5530019124349,317.04200032552086,0.0,109.7,86.4,-0.2,1.0582296886491918,14.140000343322754,1
237,2023-06-09,IT,344.54998779296875,344.54998779296875,348.2900085449219,344.75,458000.0,4.0,7.949148764377753,355.74544596139737,308.9865608745401,58.80603164613039,94.0537765339976,16.90616348967578,323.20933532714844,317.53500010172525,0.0,109.7,86.4,-0.2,1.0582296886491918,13.779999732971191,1
238,2023-06-12,IT,352.3399963378906,352.3399963378906,353.7799987792969,347.2699890136719,414500.0,0.0,8.079086465638852,355.6224383599125,313.02256591254843,59.684477195171254,111.09043994522119,28.284672888927993,324.7453348795573,318.1626668294271,0.0,109.7,86.4,-0.2,1.0582296886491918,14.4399995803833,1
239,2023-06-13,IT,354.8500061035156,354.8500061035156,357.489990234375,353.79998779296875,518800.0,1.0,8.60973172529367,356.3274966682365,316.65550504074787,61.86443985610919,123.25277249570482,31.51476342143127,326.49200134277345,318.99766642252604,0.0,109.7,86.4,-0.2,1.0582296886491918,14.989999771118164,1
240,2023-06-14,IT,352.3699951171875,352.3699951171875,357.44000244140625,353.79998779296875,472700.0,2.0,8.927362834816108,356.70708607110026,320.2699158820247,61.8644398561092,111.79996443572004,31.38878004643375,327.8356679280599,319.8431660970052,0.0,109.7,86.4,-0.2,1.0582296886491918,14.479999542236328,1
241,2023-06-15,IT,356.19000244140625,356.19000244140625,358.1499938964844,353.0199890136719,532600.0,3.0,9.01226066408043,357.5879804865523,322.50901963551803,61.439767823015416,110.75647951975711,36.368179934083685,329.41200052897136,320.5548324584961,0.0,109.7,86.4,-0.2,1.0582296886491918,14.09000015258789,1
242,2023-06-16,IT,356.5400085449219,356.5400085449219,363.1199951171875,357.9100036621094,1346200.0,4.0,9.366158867909974,359.432723024999,323.9752786839853,63.08328815779298,120.21063865603345,36.8172925078198,331.1596669514974,321.2998326619466,0.0,109.7,86.4,-0.2,1.0582296886491918,14.489999771118164,1
243,2023-06-20,IT,353.3599853515625,353.3599853515625,357.8399963378906,354.1000061035156,483000.0,1.0,9.232761259891674,360.79871292028986,324.7442893990461,60.98812188046688,96.63583090752205,22.836545895483912,332.8783335367838,321.9834996541341,0.0,109.7,86.4,-0.2,1.0582296886491918,14.359999656677246,1
244,2023-06-21,IT,350.45001220703125,350.45001220703125,353.2099914550781,353.2099914550781,401700.0,2.0,8.9520324926998,361.6178292705959,326.1181723163182,60.50252777464119,79.94190724244666,12.099058644625352,334.49933369954425,322.74016621907555,0.0,109.7,86.4,-0.2,1.0582296886491918,13.880000114440918,1
245,2023-06-22,IT,345.95001220703125,345.95001220703125,350.42999267578125,349.1000061035156,452500.0,3.0,8.30220875999703,361.39469753707056,328.29130404984346,58.28557909826104,58.01472063970233,6.14385296362655,336.05833435058594,323.3269994099935,0.0,109.7,86.4,-0.2,1.0582296886491918,13.880000114440918,1
246,2023-06-23,IT,338.19000244140625,338.19000244140625,344.8800048828125,342.6700134277344,732200.0,4.0,7.185541650187645,359.2241004813241,332.31590196008216,55.02258299900709,17.827497739911898,4.664523438875948,337.21966857910155,323.84466654459635,0.0,109.7,86.4,-0.2,1.0582296886491918,13.239999771118164,1
247,2023-06-26,IT,336.92999267578125,336.92999267578125,341.4599914550781,338.239990234375,555500.0,0.0,5.875381335020563,358.5120159168911,333.61098518174174,52.91141126451415,-8.04581070119088,10.65724929809468,338.34800109863284,324.19866638183595,0.0,109.7,86.4,-0.2,1.0582296886491918,14.430000305175781,1
248,2023-06-27,IT,339.0899963378906,339.0899963378906,341.2799987792969,338.2799987792969,556000.0,1.0,4.785138107800208,358.5302744812044,333.5697255187956,52.92828505386436,-11.466290772322296,6.152302563168925,339.3526672363281,324.5144999186198,0.0,109.7,86.4,-0.2,1.0582296886491918,14.109999656677246,1
249,2023-06-28,IT,338.55999755859375,338.55999755859375,342.989990234375,339.32000732421875,471900.0,2.0,3.9593910970455113,358.60110803804855,332.93289159574056,53.37754683799171,-14.316655705257647,6.152302563168919,340.3160003662109,324.8196665445964,0.0,109.7,86.4,-0.2,1.0582296886491918,13.899999618530273,1
250,2023-06-29,IT,342.5400085449219,342.5400085449219,343.3299865722656,338.92999267578125,393100.0,3.0,3.2362047652529213,358.7043597849884,332.5566387501678,53.18064023224684,-10.21711554741636,2.2283868493320336,341.15166727701825,325.0806666056315,0.0,109.7,86.4,-0.2,1.0582296886491918,13.640000343322754,1
251,2023-06-30,IT,350.30999755859375,350.30999755859375,351.9800109863281,344.7300109863281,420700.0,4.0,3.0954054826985384,358.67629209663414,333.066707170944,55.694992878739576,58.03995511949619,16.05853141956507,341.9153340657552,325.4251668294271,0.0,109.7,86.4,-0.2,1.0582296886491918,13.510000228881836,1
